# FreeCAD v1.1 build0 Arch module
# https://www.freecad.org
mtllib stereo_camera.mtl
o 双目摄像头HBVCAM-W202011HDV33-105
usemtl color_727980
v -40.0 -0.5 57.799999
v -40.0 -0.5 35.799999
v -40.0 -2.1 57.799999
v -40.0 -2.1 35.799999
v 40.0 -0.5 57.799999
v 30.5 -2.1 57.799999
v 40.0 -2.1 57.799999
v -30.5 -2.1 57.799999
v -30.5 -2.1 35.799999
v 30.5 -2.1 35.799999
v 40.0 -0.5 35.799999
v 40.0 -2.1 35.799999
v -3.0 -1.997164 35.799999
v -3.185741 -2.008708 35.799999
v -3.368623 -2.043164 35.799999
v -3.545832 -2.1 35.799999
v 3.0 -1.997164 35.799999
v 3.185741 -2.008708 35.799999
v 3.368623 -2.043164 35.799999
v 3.545832 -2.1 35.799999
v -38.956989 -0.5 37.010384
v -38.865746 -0.5 36.910297
v -38.762897 -0.5 36.822182
v -39.03524 -0.5 37.120926
v -38.650002 -0.5 36.747372
v -39.099312 -0.5 37.240242
v -38.528763 -0.5 36.687004
v -39.148235 -0.5 37.366531
v -38.401028 -0.5 36.641991
v -39.181271 -0.5 37.497875
v -38.26873 -0.5 36.613018
v -39.197914 -0.5 37.632282
v -38.133873 -0.5 36.600521
v -39.197914 -0.5 37.767715
v -37.998505 -0.5 36.604691
v -39.181271 -0.5 37.902126
v -37.864674 -0.5 36.625465
v -39.148235 -0.5 38.033466
v -37.734409 -0.5 36.662529
v -31.196135 -0.5 37.082088
v -37.384319 -0.5 36.864655
v -37.28709 -0.5 36.958935
v -31.279081 -0.5 37.173077
v -37.202183 -0.5 37.064449
v -31.102634 -0.5 37.001984
v -37.492397 -0.5 36.783039
v -31.350218 -0.5 37.273567
v -37.130886 -0.5 37.179596
v -31.0 -0.5 36.933975
v -37.609688 -0.5 36.715321
v -31.408464 -0.5 37.382038
v -37.07428 -0.5 37.302635
v -30.889786 -0.5 36.879093
v -31.452942 -0.5 37.496849
v -37.033222 -0.5 37.431694
v -30.773663 -0.5 36.838173
v -31.482973 -0.5 37.616249
v -37.008339 -0.5 37.564823
v -30.653391 -0.5 36.811836
v -31.498104 -0.5 37.738438
v -37.0 -0.5 37.700001
v -30.530794 -0.5 36.800476
v -31.498104 -0.5 37.861561
v -35.702015 -0.5 42.116085
v -37.609688 -0.5 38.684681
v -37.734409 -0.5 38.737469
v -37.864674 -0.5 38.774532
v -37.998505 -0.5 38.795307
v -35.183914 -0.5 41.597988
v -37.384319 -0.5 38.535347
v -37.492397 -0.5 38.616962
v -36.16312 -0.5 42.685505
v -38.133873 -0.5 38.799477
v -38.26873 -0.5 38.786983
v -34.614498 -0.5 41.136883
v -37.130886 -0.5 38.220402
v -37.202183 -0.5 38.335552
v -37.28709 -0.5 38.441067
v -36.56218 -0.5 43.299999
v -38.401028 -0.5 38.758007
v -38.528763 -0.5 38.712997
v -34.0 -0.5 40.737823
v -37.033222 -0.5 37.968304
v -37.07428 -0.5 38.097366
v -36.894817 -0.5 43.952843
v -38.650002 -0.5 38.652626
v -38.762897 -0.5 38.57782
v -33.347157 -0.5 40.405182
v -37.008339 -0.5 37.835178
v -37.157394 -0.5 44.636883
v -38.865746 -0.5 38.489704
v -32.66312 -0.5 40.142605
v -31.408464 -0.5 38.21796
v -31.452942 -0.5 38.103153
v -31.482973 -0.5 37.983749
v -37.347034 -0.5 45.34462
v -38.956989 -0.5 38.389618
v -39.03524 -0.5 38.279076
v -31.955381 -0.5 39.952969
v -31.196135 -0.5 38.517914
v -31.279081 -0.5 38.426926
v -31.350218 -0.5 38.326431
v -37.461655 -0.5 46.068302
v -39.099312 -0.5 38.159756
v -31.231699 -0.5 39.838348
v -30.773663 -0.5 38.761826
v -30.889786 -0.5 38.720905
v -31.0 -0.5 38.666027
v -31.102634 -0.5 38.598019
v -37.5 -0.5 46.799999
v -30.5 -0.5 39.799999
v -30.286066 -0.5 38.776848
v -30.407732 -0.5 38.795734
v -30.530794 -0.5 38.799526
v -30.653391 -0.5 38.788166
v -29.768301 -0.5 39.838348
v -29.849382 -0.5 38.559406
v -29.947636 -0.5 38.633602
v -30.054262 -0.5 38.695164
v -30.167645 -0.5 38.743153
v -29.044619 -0.5 39.952969
v -29.567528 -0.5 38.161243
v -29.618988 -0.5 38.273094
v -29.683804 -0.5 38.377773
v -29.76099 -0.5 38.473694
v -28.336882 -0.5 40.142605
v -29.50758 -0.5 37.92289
v -29.530203 -0.5 38.043915
v -27.652843 -0.5 40.405182
v -29.50758 -0.5 37.677113
v -29.5 -0.5 37.799999
v -27.0 -0.5 40.737823
v -29.567528 -0.5 37.438759
v -29.530203 -0.5 37.556087
v -26.385504 -0.5 41.136883
v -29.618988 -0.5 37.326908
v -25.816086 -0.5 41.597988
v -29.683804 -0.5 37.222225
v -38.865746 -0.5 55.110298
v -37.157394 -0.5 48.96312
v -37.347034 -0.5 48.255383
v -38.956989 -0.5 55.210384
v -38.762897 -0.5 55.022182
v -36.894817 -0.5 49.647156
v -39.03524 -0.5 55.320923
v -37.461655 -0.5 47.5317
v -38.650002 -0.5 54.947372
v -39.099312 -0.5 55.440243
v -38.528763 -0.5 54.887005
v -36.56218 -0.5 50.299999
v -39.148235 -0.5 55.566532
v -38.401028 -0.5 54.841991
v -38.26873 -0.5 54.813019
v -36.16312 -0.5 50.914497
v -38.133873 -0.5 54.800522
v -37.998505 -0.5 54.804691
v -35.702015 -0.5 51.483913
v -37.864674 -0.5 54.825466
v -37.734409 -0.5 54.86253
v -37.609688 -0.5 54.915321
v -35.183914 -0.5 52.002014
v -37.492397 -0.5 54.983036
v -37.384319 -0.5 55.064655
v -38.956989 -0.5 56.589615
v -39.03524 -0.5 56.479076
v -39.099312 -0.5 56.359756
v -39.148235 -0.5 56.233467
v -39.181271 -0.5 56.102123
v -39.197914 -0.5 55.967716
v -39.197914 -0.5 55.832283
v -39.181271 -0.5 55.697876
v -38.865746 -0.5 56.689705
v -34.614498 -0.5 52.46312
v -37.28709 -0.5 55.158936
v -38.762897 -0.5 56.777821
v -37.202183 -0.5 55.26445
v -38.650002 -0.5 56.852627
v -37.130886 -0.5 55.379597
v -38.528763 -0.5 56.912994
v -38.401028 -0.5 56.958008
v -38.26873 -0.5 56.98698
v -34.0 -0.5 52.862179
v -37.07428 -0.5 55.502636
v -37.033222 -0.5 55.631695
v -38.133873 -0.5 56.999477
v -37.998505 -0.5 56.995308
v -37.864674 -0.5 56.974533
v -37.734409 -0.5 56.937469
v -33.347157 -0.5 53.194817
v -37.008339 -0.5 55.764824
v -37.0 -0.5 55.900002
v -31.196135 -0.5 55.082088
v -31.231699 -0.5 53.761654
v -31.955381 -0.5 53.647034
v -31.279081 -0.5 55.173077
v -31.102634 -0.5 55.001984
v -31.350218 -0.5 55.273567
v -31.0 -0.5 54.933975
v -31.408464 -0.5 55.382038
v -32.66312 -0.5 53.457397
v -30.889786 -0.5 54.879093
v -31.452942 -0.5 55.496849
v -30.773663 -0.5 54.838173
v -30.5 -0.5 53.799999
v -31.482973 -0.5 55.616249
v -30.653391 -0.5 54.811836
v -31.498104 -0.5 55.738438
v -30.530794 -0.5 54.800476
v -31.498104 -0.5 55.861561
v -37.008339 -0.5 56.035175
v -30.407732 -0.5 54.804264
v -31.482973 -0.5 55.983749
v -37.033222 -0.5 56.168304
v -30.286066 -0.5 54.823151
v -29.768301 -0.5 53.761654
v -31.452942 -0.5 56.103153
v -37.07428 -0.5 56.297367
v -30.167645 -0.5 54.856846
v -31.408464 -0.5 56.21796
v -37.130886 -0.5 56.420403
v -30.054262 -0.5 54.904839
v -31.350218 -0.5 56.326431
v -37.202183 -0.5 56.535553
v -29.947636 -0.5 54.966396
v -31.279081 -0.5 56.426926
v -37.28709 -0.5 56.641064
v -29.849382 -0.5 55.040596
v -29.044619 -0.5 53.647034
v -31.196135 -0.5 56.517914
v -37.384319 -0.5 56.735344
v -29.76099 -0.5 55.126305
v -31.102634 -0.5 56.598019
v -37.492397 -0.5 56.816963
v -29.683804 -0.5 55.222225
v -31.0 -0.5 56.666027
v -37.609688 -0.5 56.884678
v -29.618988 -0.5 55.326908
v -30.889786 -0.5 56.720905
v -29.567528 -0.5 55.438759
v -28.336882 -0.5 53.457397
v -30.773663 -0.5 56.761826
v -29.530203 -0.5 55.556087
v -30.653391 -0.5 56.788166
v -29.50758 -0.5 55.677113
v -27.652843 -0.5 53.194817
v -30.530794 -0.5 56.799526
v -29.5 -0.5 55.799999
v -29.50758 -0.5 55.92289
v -27.0 -0.5 52.862179
v -29.530203 -0.5 56.043915
v -29.567528 -0.5 56.161243
v -26.385504 -0.5 52.46312
v -29.618988 -0.5 56.273094
v -25.816086 -0.5 52.002014
v -29.683804 -0.5 56.377773
v 29.803865 -0.5 37.082088
v -29.849382 -0.5 37.040596
v -29.76099 -0.5 37.126305
v 29.720919 -0.5 37.173077
v 29.897366 -0.5 37.001984
v -29.947636 -0.5 36.966396
v 30.0 -0.5 36.933975
v -30.054262 -0.5 36.904839
v 30.110214 -0.5 36.879093
v 25.297987 -0.5 42.116085
v -25.297987 -0.5 42.116085
v 25.816086 -0.5 41.597988
v 29.649782 -0.5 37.273567
v 24.836882 -0.5 42.685505
v -24.836882 -0.5 42.685505
v -24.437822 -0.5 43.299999
v 26.385504 -0.5 41.136883
v 29.591536 -0.5 37.382038
v 24.437822 -0.5 43.299999
v 27.0 -0.5 40.737823
v 29.517027 -0.5 37.616249
v 29.547058 -0.5 37.496849
v 24.105183 -0.5 43.952843
v -24.105183 -0.5 43.952843
v 27.652843 -0.5 40.405182
v 29.501896 -0.5 37.861561
v 29.501896 -0.5 37.738438
v 23.842604 -0.5 44.636883
v -23.842604 -0.5 44.636883
v 28.336882 -0.5 40.142605
v 29.591536 -0.5 38.21796
v 29.547058 -0.5 38.103153
v 29.517027 -0.5 37.983749
v 23.652967 -0.5 45.34462
v -23.652967 -0.5 45.34462
v -23.538347 -0.5 46.068302
v 29.044619 -0.5 39.952969
v 29.803865 -0.5 38.517914
v 29.720919 -0.5 38.426926
v 29.649782 -0.5 38.326431
v 23.538347 -0.5 46.068302
v -23.5 -0.5 46.799999
v 29.768301 -0.5 39.838348
v 30.226337 -0.5 38.761826
v 30.110214 -0.5 38.720905
v 30.0 -0.5 38.666027
v 29.897366 -0.5 38.598019
v 23.5 -0.5 46.799999
v 30.5 -0.5 39.799999
v 30.713934 -0.5 38.776848
v 30.592268 -0.5 38.795734
v 30.469206 -0.5 38.799526
v 30.346609 -0.5 38.788166
v 23.538347 -0.5 47.5317
v -23.538347 -0.5 47.5317
v -23.652967 -0.5 48.255383
v 31.231699 -0.5 39.838348
v 31.150618 -0.5 38.559406
v 31.052364 -0.5 38.633602
v 30.945738 -0.5 38.695164
v 30.832355 -0.5 38.743153
v 23.652967 -0.5 48.255383
v 31.955381 -0.5 39.952969
v 31.432472 -0.5 38.161243
v 31.381012 -0.5 38.273094
v 31.316196 -0.5 38.377773
v 31.23901 -0.5 38.473694
v 32.66312 -0.5 40.142605
v 31.49242 -0.5 37.92289
v 31.469797 -0.5 38.043915
v 23.842604 -0.5 48.96312
v -23.842604 -0.5 48.96312
v 33.347157 -0.5 40.405182
v 31.5 -0.5 37.799999
v 24.105183 -0.5 49.647156
v -24.105183 -0.5 49.647156
v 37.334251 -0.5 36.910297
v 31.150618 -0.5 37.040596
v 31.23901 -0.5 37.126305
v 37.243011 -0.5 37.010384
v 31.316196 -0.5 37.222225
v 37.437103 -0.5 36.822182
v 31.052364 -0.5 36.966396
v 37.164761 -0.5 37.120926
v 31.381012 -0.5 37.326908
v 37.549999 -0.5 36.747372
v 30.945738 -0.5 36.904839
v 37.100689 -0.5 37.240242
v 31.432472 -0.5 37.438759
v 37.671234 -0.5 36.687004
v 30.832355 -0.5 36.856846
v 37.051765 -0.5 37.366531
v 31.469797 -0.5 37.556087
v 37.798969 -0.5 36.641991
v 30.713934 -0.5 36.823151
v 37.01873 -0.5 37.497875
v 31.49242 -0.5 37.677113
v 37.002087 -0.5 37.632282
v 24.437822 -0.5 50.299999
v -24.437822 -0.5 50.299999
v 37.002087 -0.5 37.767715
v 37.01873 -0.5 37.902126
v 34.0 -0.5 40.737823
v 37.051765 -0.5 38.033466
v 37.100689 -0.5 38.159756
v 37.164761 -0.5 38.279076
v 34.614498 -0.5 41.136883
v 37.243011 -0.5 38.389618
v 24.836882 -0.5 50.914497
v -24.836882 -0.5 50.914497
v 30.469206 -0.5 36.800476
v 30.592268 -0.5 36.804264
v 37.931271 -0.5 36.613018
v 38.066124 -0.5 36.600521
v 38.201496 -0.5 36.604691
v 38.335327 -0.5 36.625465
v 38.465591 -0.5 36.662529
v 38.590313 -0.5 36.715321
v 38.7076 -0.5 36.783039
v 38.815681 -0.5 36.864655
v 37.334251 -0.5 38.489704
v 38.91291 -0.5 36.958935
v 38.997818 -0.5 37.064449
v 39.069115 -0.5 37.179596
v 39.125721 -0.5 37.302635
v 39.166775 -0.5 37.431694
v 39.191662 -0.5 37.564823
v 35.183914 -0.5 41.597988
v 37.671234 -0.5 38.712997
v 37.549999 -0.5 38.652626
v 37.437103 -0.5 38.57782
v 25.297987 -0.5 51.483913
v -25.297987 -0.5 51.483913
v 39.200001 -0.5 37.700001
v 39.191662 -0.5 37.835178
v 39.166775 -0.5 37.968304
v 39.125721 -0.5 38.097366
v 35.702015 -0.5 42.116085
v 37.931271 -0.5 38.786983
v 37.798969 -0.5 38.758007
v 25.816086 -0.5 52.002014
v 36.16312 -0.5 42.685505
v 38.201496 -0.5 38.795307
v 38.066124 -0.5 38.799477
v 36.56218 -0.5 43.299999
v 38.465591 -0.5 38.737469
v 38.335327 -0.5 38.774532
v 36.894817 -0.5 43.952843
v 38.7076 -0.5 38.616962
v 38.590313 -0.5 38.684681
v 37.157394 -0.5 44.636883
v 38.91291 -0.5 38.441067
v 38.815681 -0.5 38.535347
v 37.347034 -0.5 45.34462
v 38.997818 -0.5 38.335552
v 37.461655 -0.5 46.068302
v 39.069115 -0.5 38.220402
v 37.5 -0.5 46.799999
v 29.803865 -0.5 55.082088
v 29.768301 -0.5 53.761654
v 29.044619 -0.5 53.647034
v 29.720919 -0.5 55.173077
v 29.897366 -0.5 55.001984
v 29.649782 -0.5 55.273567
v 30.0 -0.5 54.933975
v 29.591536 -0.5 55.382038
v 28.336882 -0.5 53.457397
v 30.110214 -0.5 54.879093
v 29.547058 -0.5 55.496849
v 30.226337 -0.5 54.838173
v 30.5 -0.5 53.799999
v 29.517027 -0.5 55.616249
v 30.346609 -0.5 54.811836
v 29.501896 -0.5 55.738438
v 27.652843 -0.5 53.194817
v 30.469206 -0.5 54.800476
v 29.501896 -0.5 55.861561
v 30.592268 -0.5 54.804264
v 29.517027 -0.5 55.983749
v 27.0 -0.5 52.862179
v 30.713934 -0.5 54.823151
v 31.231699 -0.5 53.761654
v 29.547058 -0.5 56.103153
v 30.832355 -0.5 54.856846
v 29.591536 -0.5 56.21796
v 26.385504 -0.5 52.46312
v 30.945738 -0.5 54.904839
v 29.649782 -0.5 56.326431
v 31.052364 -0.5 54.966396
v 29.720919 -0.5 56.426926
v -29.76099 -0.5 56.473694
v 31.150618 -0.5 55.040596
v 31.955381 -0.5 53.647034
v 29.803865 -0.5 56.517914
v -29.849382 -0.5 56.559406
v 31.23901 -0.5 55.126305
v 29.897366 -0.5 56.598019
v -29.947636 -0.5 56.633602
v 31.316196 -0.5 55.222225
v 30.0 -0.5 56.666027
v -30.054262 -0.5 56.695164
v 31.381012 -0.5 55.326908
v 30.110214 -0.5 56.720905
v 31.432472 -0.5 55.438759
v 32.66312 -0.5 53.457397
v 31.469797 -0.5 55.556087
v 31.49242 -0.5 55.677113
v 33.347157 -0.5 53.194817
v 31.5 -0.5 55.799999
v 37.334251 -0.5 55.110298
v 35.183914 -0.5 52.002014
v 34.614498 -0.5 52.46312
v 37.243011 -0.5 55.210384
v 37.437103 -0.5 55.022182
v 37.164761 -0.5 55.320923
v 34.0 -0.5 52.862179
v 37.549999 -0.5 54.947372
v 37.100689 -0.5 55.440243
v 37.671234 -0.5 54.887005
v 35.702015 -0.5 51.483913
v 37.051765 -0.5 55.566532
v 37.798969 -0.5 54.841991
v 37.01873 -0.5 55.697876
v 37.931271 -0.5 54.813019
v 36.16312 -0.5 50.914497
v 37.002087 -0.5 55.832283
v 38.066124 -0.5 54.800522
v 37.002087 -0.5 55.967716
v 31.49242 -0.5 55.92289
v 38.201496 -0.5 54.804691
v 36.56218 -0.5 50.299999
v 37.01873 -0.5 56.102123
v 31.469797 -0.5 56.043915
v 38.335327 -0.5 54.825466
v 37.051765 -0.5 56.233467
v 31.432472 -0.5 56.161243
v 38.465591 -0.5 54.86253
v 36.894817 -0.5 49.647156
v 37.100689 -0.5 56.359756
v 31.381012 -0.5 56.273094
v 38.590313 -0.5 54.915321
v 37.164761 -0.5 56.479076
v 31.316196 -0.5 56.377773
v 38.7076 -0.5 54.983036
v 37.157394 -0.5 48.96312
v 37.243011 -0.5 56.589615
v 31.23901 -0.5 56.473694
v 38.815681 -0.5 55.064655
v 37.334251 -0.5 56.689705
v 31.150618 -0.5 56.559406
v 38.91291 -0.5 55.158936
v 37.347034 -0.5 48.255383
v 37.437103 -0.5 56.777821
v 31.052364 -0.5 56.633602
v 38.997818 -0.5 55.26445
v 37.461655 -0.5 47.5317
v 37.549999 -0.5 56.852627
v 30.945738 -0.5 56.695164
v 39.069115 -0.5 55.379597
v 37.671234 -0.5 56.912994
v 30.832355 -0.5 56.743153
v 39.125721 -0.5 55.502636
v 37.798969 -0.5 56.958008
v 30.713934 -0.5 56.776848
v 39.166775 -0.5 55.631695
v 39.191662 -0.5 55.764824
v 39.200001 -0.5 55.900002
v 30.592268 -0.5 56.795734
v 30.469206 -0.5 56.799526
v 39.191662 -0.5 56.035175
v 39.166775 -0.5 56.168304
v 39.125721 -0.5 56.297367
v 39.069115 -0.5 56.420403
v 38.997818 -0.5 56.535553
v 38.91291 -0.5 56.641064
v 38.815681 -0.5 56.735344
v 38.7076 -0.5 56.816963
v 38.590313 -0.5 56.884678
v 38.465591 -0.5 56.937469
v 38.335327 -0.5 56.974533
v 38.201496 -0.5 56.995308
v 38.066124 -0.5 56.999477
v 37.931271 -0.5 56.98698
v 30.346609 -0.5 56.788166
v 30.226337 -0.5 56.761826
v -30.407732 -0.5 56.795734
v -30.286066 -0.5 56.776848
v -30.167645 -0.5 56.743153
v -30.407732 -0.5 36.804264
v -30.286066 -0.5 36.823151
v -30.167645 -0.5 36.856846
v 30.346609 -0.5 36.811836
v 30.226337 -0.5 36.838173
v -38.865746 -2.1 36.910297
v -38.956989 -2.1 37.010384
v -38.762897 -2.1 36.822182
v -39.03524 -2.1 37.120926
v -38.650002 -2.1 36.747372
v -39.099312 -2.1 37.240242
v -38.528763 -2.1 36.687004
v -39.148235 -2.1 37.366531
v -38.401028 -2.1 36.641991
v -39.181271 -2.1 37.497875
v -38.26873 -2.1 36.613018
v -39.197914 -2.1 37.632282
v -38.133873 -2.1 36.600521
v -39.197914 -2.1 37.767715
v -37.998505 -2.1 36.604691
v -39.181271 -2.1 37.902126
v -37.864674 -2.1 36.625465
v -39.148235 -2.1 38.033466
v -37.130886 -2.1 38.220402
v -37.0 -2.1 40.299999
v -37.202183 -2.1 38.335552
v -37.28709 -2.1 38.441067
v -37.384319 -2.1 38.535347
v -37.492397 -2.1 38.616962
v -37.609688 -2.1 38.684681
v -37.734409 -2.1 38.737469
v -37.864674 -2.1 38.774532
v -37.998505 -2.1 38.795307
v -38.133873 -2.1 38.799477
v -38.26873 -2.1 38.786983
v -38.401028 -2.1 38.758007
v -38.528763 -2.1 38.712997
v -38.650002 -2.1 38.652626
v -37.609688 -2.1 36.715321
v -31.826246 -2.1 36.302979
v -37.492397 -2.1 36.783039
v -31.997023 -2.1 36.473755
v -37.384319 -2.1 36.864655
v -37.28709 -2.1 36.958935
v -31.636129 -2.1 36.154034
v -37.734409 -2.1 36.662529
v -32.145969 -2.1 36.663872
v -37.202183 -2.1 37.064449
v -31.429447 -2.1 36.029087
v -32.270912 -2.1 36.870556
v -37.130886 -2.1 37.179596
v -31.209209 -2.1 35.929966
v -32.370033 -2.1 37.09079
v -37.07428 -2.1 37.302635
v -30.978632 -2.1 35.858116
v -32.441883 -2.1 37.321369
v -37.033222 -2.1 37.431694
v -32.485416 -2.1 37.558929
v -37.008339 -2.1 37.564823
v -37.0 -2.1 37.700001
v -32.5 -2.1 37.799999
v -37.008339 -2.1 37.835178
v -37.033222 -2.1 37.968304
v -37.0 -2.1 44.201923
v -38.762897 -2.1 38.57782
v -33.098072 -2.1 40.299999
v -37.07428 -2.1 38.097366
v -32.900837 -2.1 40.224594
v -32.70142 -2.1 40.15517
v -32.5 -2.1 40.091797
v -37.217262 -2.1 44.830631
v -38.865746 -2.1 38.489704
v -38.956989 -2.1 38.389618
v -37.373863 -2.1 45.477123
v -39.03524 -2.1 38.279076
v -37.468395 -2.1 46.135563
v -39.099312 -2.1 38.159756
v -37.5 -2.1 46.799999
v -38.865746 -2.1 55.110298
v -38.956989 -2.1 55.210384
v -37.217262 -2.1 48.769367
v -37.373863 -2.1 48.122875
v -38.762897 -2.1 55.022182
v -37.0 -2.1 49.398075
v -39.03524 -2.1 55.320923
v -37.468395 -2.1 47.464439
v -38.650002 -2.1 54.947372
v -37.0 -2.1 53.299999
v -39.099312 -2.1 55.440243
v -38.528763 -2.1 54.887005
v -39.148235 -2.1 55.566532
v -38.401028 -2.1 54.841991
v -38.26873 -2.1 54.813019
v -38.133873 -2.1 54.800522
v -37.998505 -2.1 54.804691
v -37.864674 -2.1 54.825466
v -37.734409 -2.1 54.86253
v -37.609688 -2.1 54.915321
v -37.492397 -2.1 54.983036
v -37.384319 -2.1 55.064655
v -38.956989 -2.1 56.589615
v -39.03524 -2.1 56.479076
v -39.099312 -2.1 56.359756
v -39.148235 -2.1 56.233467
v -39.181271 -2.1 56.102123
v -39.197914 -2.1 55.967716
v -39.197914 -2.1 55.832283
v -39.181271 -2.1 55.697876
v -38.865746 -2.1 56.689705
v -37.28709 -2.1 55.158936
v -38.762897 -2.1 56.777821
v -37.202183 -2.1 55.26445
v -38.650002 -2.1 56.852627
v -37.130886 -2.1 55.379597
v -38.528763 -2.1 56.912994
v -38.401028 -2.1 56.958008
v -38.26873 -2.1 56.98698
v -38.133873 -2.1 56.999477
v -37.998505 -2.1 56.995308
v -37.864674 -2.1 56.974533
v -33.09808 -2.1 53.299999
v -37.07428 -2.1 55.502636
v -37.033222 -2.1 55.631695
v -32.900845 -2.1 53.375404
v -32.5 -2.1 55.799999
v -32.701424 -2.1 53.444828
v -32.5 -2.1 53.508205
v -37.008339 -2.1 55.764824
v -37.0 -2.1 55.900002
v -32.485416 -2.1 56.041073
v -37.008339 -2.1 56.035175
v -37.033222 -2.1 56.168304
v -32.441883 -2.1 56.278629
v -37.07428 -2.1 56.297367
v -32.370033 -2.1 56.509209
v -37.130886 -2.1 56.420403
v -32.270912 -2.1 56.729446
v -37.202183 -2.1 56.535553
v -32.145969 -2.1 56.936131
v -37.28709 -2.1 56.641064
v -31.997023 -2.1 57.126244
v -37.384319 -2.1 56.735344
v -37.492397 -2.1 56.816963
v -31.826246 -2.1 57.29702
v -37.609688 -2.1 56.884678
v -31.636129 -2.1 57.445969
v -37.734409 -2.1 56.937469
v -31.429447 -2.1 57.570911
v -31.209209 -2.1 57.670033
v -30.978632 -2.1 57.741882
v -30.741074 -2.1 35.814583
v -30.741074 -2.1 57.785419
v 32.5 -2.1 37.799999
v 32.70142 -2.1 40.15517
v 32.5 -2.1 40.091797
v 32.900837 -2.1 40.224594
v 33.098072 -2.1 40.299999
v 31.997023 -2.1 36.473755
v 37.334251 -2.1 36.910297
v 32.145969 -2.1 36.663872
v 37.243011 -2.1 37.010384
v 32.270912 -2.1 36.870556
v 31.826246 -2.1 36.302979
v 37.437103 -2.1 36.822182
v 37.164761 -2.1 37.120926
v 32.370033 -2.1 37.09079
v 31.636129 -2.1 36.154034
v 37.549999 -2.1 36.747372
v 37.100689 -2.1 37.240242
v 31.429447 -2.1 36.029087
v 37.671234 -2.1 36.687004
v 37.051765 -2.1 37.366531
v 32.441883 -2.1 37.321369
v 37.798969 -2.1 36.641991
v 37.01873 -2.1 37.497875
v 32.485416 -2.1 37.558929
v 37.002087 -2.1 37.632282
v 37.002087 -2.1 37.767715
v 37.01873 -2.1 37.902126
v 37.051765 -2.1 38.033466
v 37.100689 -2.1 38.159756
v 30.978632 -2.1 35.858116
v 31.209209 -2.1 35.929966
v 37.931271 -2.1 36.613018
v 38.066124 -2.1 36.600521
v 38.201496 -2.1 36.604691
v 38.335327 -2.1 36.625465
v 38.465591 -2.1 36.662529
v 38.590313 -2.1 36.715321
v 38.7076 -2.1 36.783039
v 38.815681 -2.1 36.864655
v 38.91291 -2.1 36.958935
v 38.997818 -2.1 37.064449
v 39.069115 -2.1 37.179596
v 39.125721 -2.1 37.302635
v 39.166775 -2.1 37.431694
v 39.191662 -2.1 37.564823
v 39.200001 -2.1 37.700001
v 39.191662 -2.1 37.835178
v 39.166775 -2.1 37.968304
v 37.0 -2.1 40.299999
v 38.590313 -2.1 38.684681
v 38.465591 -2.1 38.737469
v 38.335327 -2.1 38.774532
v 38.201496 -2.1 38.795307
v 38.066124 -2.1 38.799477
v 37.931271 -2.1 38.786983
v 37.798969 -2.1 38.758007
v 37.671234 -2.1 38.712997
v 37.549999 -2.1 38.652626
v 37.437103 -2.1 38.57782
v 37.334251 -2.1 38.489704
v 37.243011 -2.1 38.389618
v 37.164761 -2.1 38.279076
v 38.815681 -2.1 38.535347
v 37.0 -2.1 44.201923
v 38.7076 -2.1 38.616962
v 38.91291 -2.1 38.441067
v 37.217262 -2.1 44.830631
v 38.997818 -2.1 38.335552
v 37.373863 -2.1 45.477123
v 37.468395 -2.1 46.135563
v 39.069115 -2.1 38.220402
v 32.701424 -2.1 53.444828
v 32.5 -2.1 55.799999
v 32.5 -2.1 53.508205
v 32.900845 -2.1 53.375404
v 33.09808 -2.1 53.299999
v 37.334251 -2.1 55.110298
v 37.243011 -2.1 55.210384
v 37.0 -2.1 53.299999
v 37.437103 -2.1 55.022182
v 37.164761 -2.1 55.320923
v 37.549999 -2.1 54.947372
v 37.100689 -2.1 55.440243
v 37.671234 -2.1 54.887005
v 37.051765 -2.1 55.566532
v 37.798969 -2.1 54.841991
v 37.01873 -2.1 55.697876
v 37.931271 -2.1 54.813019
v 37.002087 -2.1 55.832283
v 38.066124 -2.1 54.800522
v 37.002087 -2.1 55.967716
v 32.485416 -2.1 56.041073
v 38.201496 -2.1 54.804691
v 37.01873 -2.1 56.102123
v 32.441883 -2.1 56.278629
v 38.335327 -2.1 54.825466
v 37.051765 -2.1 56.233467
v 32.370033 -2.1 56.509209
v 38.465591 -2.1 54.86253
v 37.100689 -2.1 56.359756
v 37.0 -2.1 49.398075
v 38.590313 -2.1 54.915321
v 37.164761 -2.1 56.479076
v 32.270912 -2.1 56.729446
v 38.7076 -2.1 54.983036
v 37.243011 -2.1 56.589615
v 32.145969 -2.1 56.936131
v 37.217262 -2.1 48.769367
v 38.815681 -2.1 55.064655
v 37.334251 -2.1 56.689705
v 31.997023 -2.1 57.126244
v 37.373863 -2.1 48.122875
v 38.91291 -2.1 55.158936
v 37.437103 -2.1 56.777821
v 31.826246 -2.1 57.29702
v 37.468395 -2.1 47.464439
v 38.997818 -2.1 55.26445
v 37.549999 -2.1 56.852627
v 31.636129 -2.1 57.445969
v 39.069115 -2.1 55.379597
v 37.671234 -2.1 56.912994
v 31.429447 -2.1 57.570911
v 37.798969 -2.1 56.958008
v 39.200001 -2.1 55.900002
v 39.191662 -2.1 56.035175
v 39.166775 -2.1 56.168304
v 39.125721 -2.1 56.297367
v 39.069115 -2.1 56.420403
v 38.997818 -2.1 56.535553
v 38.91291 -2.1 56.641064
v 38.815681 -2.1 56.735344
v 38.7076 -2.1 56.816963
v 38.590313 -2.1 56.884678
v 38.465591 -2.1 56.937469
v 38.335327 -2.1 56.974533
v 38.201496 -2.1 56.995308
v 38.066124 -2.1 56.999477
v 37.931271 -2.1 56.98698
v 31.209209 -2.1 57.670033
v 30.978632 -2.1 57.741882
v 39.166775 -2.1 55.631695
v 39.191662 -2.1 55.764824
v 30.741074 -2.1 57.785419
v 39.125721 -2.1 38.097366
v 39.125721 -2.1 55.502636
v 37.5 -2.1 46.799999
v 30.741074 -2.1 35.814583
v -28.5 -2.1 37.799999
v -28.298578 -2.1 40.15517
v -28.5 -2.1 40.091797
v -28.099159 -2.1 40.224594
v -27.901924 -2.1 40.299999
v -29.002979 -2.1 36.473755
v -24.0 -2.1 40.299999
v -28.854033 -2.1 36.663872
v -28.729088 -2.1 36.870552
v -28.629967 -2.1 37.09079
v -28.558117 -2.1 37.321369
v -28.514582 -2.1 37.558926
v -23.78274 -2.1 44.830631
v -24.0 -2.1 44.201923
v -28.298578 -2.1 53.444828
v -28.5 -2.1 55.799999
v -28.5 -2.1 53.508205
v -28.099159 -2.1 53.375404
v -27.901924 -2.1 53.299999
v -23.78274 -2.1 48.769367
v -24.0 -2.1 53.299999
v -24.0 -2.1 49.398075
v -28.514582 -2.1 56.041073
v -28.558117 -2.1 56.278633
v -28.629967 -2.1 56.509209
v -28.729088 -2.1 56.729446
v -28.854033 -2.1 56.936131
v -29.002979 -2.1 57.126244
v -29.173754 -2.1 57.29702
v -30.021368 -2.1 35.858116
v -29.790791 -2.1 35.929966
v -29.570553 -2.1 36.029087
v -29.363871 -2.1 36.154034
v -29.173754 -2.1 36.302979
v -3.545832 -2.1 42.799999
v -23.531605 -2.1 46.135563
v -23.5 -2.1 46.799999
v -23.626137 -2.1 45.477123
v -23.626137 -2.1 48.122875
v -23.531605 -2.1 47.464439
v 3.545832 -2.1 42.799999
v 24.0 -2.1 40.299999
v 29.002979 -2.1 36.473755
v 29.173754 -2.1 36.302979
v 28.854033 -2.1 36.663872
v 29.363871 -2.1 36.154034
v 28.729088 -2.1 36.870552
v 29.570553 -2.1 36.029087
v 28.629967 -2.1 37.09079
v 29.790791 -2.1 35.929966
v 28.558117 -2.1 37.321369
v 30.021368 -2.1 35.858116
v 28.514582 -2.1 37.558926
v 28.5 -2.1 37.799999
v 27.901924 -2.1 40.299999
v 28.099159 -2.1 40.224594
v 28.298578 -2.1 40.15517
v 28.5 -2.1 40.091797
v 23.78274 -2.1 44.830631
v 24.0 -2.1 44.201923
v 23.626137 -2.1 45.477123
v 23.531605 -2.1 46.135563
v 23.5 -2.1 46.799999
v 23.531605 -2.1 47.464439
v 23.626137 -2.1 48.122875
v 23.78274 -2.1 48.769367
v 24.0 -2.1 53.299999
v 24.0 -2.1 49.398075
v 28.099159 -2.1 53.375404
v 28.5 -2.1 55.799999
v 27.901924 -2.1 53.299999
v 28.298578 -2.1 53.444828
v 28.5 -2.1 53.508205
v 28.514582 -2.1 56.041073
v 28.558117 -2.1 56.278633
v 28.629967 -2.1 56.509209
v 28.729088 -2.1 56.729446
v 28.854033 -2.1 56.936131
v 29.002979 -2.1 57.126244
v 29.173754 -2.1 57.29702
v -29.363871 -2.1 57.445969
v 29.363871 -2.1 57.445969
v -29.570553 -2.1 57.570911
v 29.570553 -2.1 57.570911
v -30.258926 -2.1 57.785419
v 30.258926 -2.1 57.785419
v 30.021368 -2.1 57.741882
v -30.021368 -2.1 57.741882
v 29.790791 -2.1 57.670033
v -29.790791 -2.1 57.670033
v 30.258926 -2.1 35.814583
v -30.258926 -2.1 35.814583
v -29.5 -2.1 37.799999
v -29.50758 -2.1 37.92289
v -29.530203 -2.1 38.043915
v -29.567528 -2.1 38.161243
v -29.618988 -2.1 38.273094
v -29.683804 -2.1 38.377773
v -29.76099 -2.1 38.473694
v -29.849382 -2.1 38.559406
v -29.947636 -2.1 38.633602
v -30.054262 -2.1 38.695164
v -30.167645 -2.1 38.743153
v -30.286066 -2.1 38.776848
v -30.407732 -2.1 38.795734
v -30.530794 -2.1 38.799526
v -30.653391 -2.1 38.788166
v -30.773663 -2.1 38.761826
v -30.889786 -2.1 38.720905
v -31.0 -2.1 38.666027
v -31.102634 -2.1 38.598019
v -31.196135 -2.1 38.517914
v -31.279081 -2.1 38.426926
v -31.350218 -2.1 38.326431
v -31.408464 -2.1 38.21796
v -31.452942 -2.1 38.103153
v -31.482973 -2.1 37.983749
v -31.498104 -2.1 37.861561
v -31.498104 -2.1 37.738438
v -31.482973 -2.1 37.616249
v -31.452942 -2.1 37.496849
v -31.408464 -2.1 37.382038
v -31.350218 -2.1 37.273567
v -31.279081 -2.1 37.173077
v -31.196135 -2.1 37.082088
v -31.102634 -2.1 37.001984
v -31.0 -2.1 36.933975
v -30.889786 -2.1 36.879093
v -30.773663 -2.1 36.838173
v -30.653391 -2.1 36.811836
v -30.530794 -2.1 36.800476
v -30.407732 -2.1 36.804264
v -30.286066 -2.1 36.823151
v -30.167645 -2.1 36.856846
v -30.054262 -2.1 36.904839
v -29.947636 -2.1 36.966396
v -29.849382 -2.1 37.040596
v -29.76099 -2.1 37.126305
v -29.683804 -2.1 37.222225
v -29.618988 -2.1 37.326908
v -29.567528 -2.1 37.438759
v -29.530203 -2.1 37.556087
v -29.50758 -2.1 37.677113
v -29.5 -2.1 55.799999
v -29.50758 -2.1 55.92289
v -29.530203 -2.1 56.043915
v -29.567528 -2.1 56.161243
v -29.618988 -2.1 56.273094
v -29.683804 -2.1 56.377773
v -29.76099 -2.1 56.473694
v -29.849382 -2.1 56.559406
v -29.947636 -2.1 56.633602
v -30.054262 -2.1 56.695164
v -30.167645 -2.1 56.743153
v -30.286066 -2.1 56.776848
v -30.407732 -2.1 56.795734
v -30.530794 -2.1 56.799526
v -30.653391 -2.1 56.788166
v -30.773663 -2.1 56.761826
v -30.889786 -2.1 56.720905
v -31.0 -2.1 56.666027
v -31.102634 -2.1 56.598019
v -31.196135 -2.1 56.517914
v -31.279081 -2.1 56.426926
v -31.350218 -2.1 56.326431
v -31.408464 -2.1 56.21796
v -31.452942 -2.1 56.103153
v -31.482973 -2.1 55.983749
v -31.498104 -2.1 55.861561
v -31.498104 -2.1 55.738438
v -31.482973 -2.1 55.616249
v -31.452942 -2.1 55.496849
v -31.408464 -2.1 55.382038
v -31.350218 -2.1 55.273567
v -31.279081 -2.1 55.173077
v -31.196135 -2.1 55.082088
v -31.102634 -2.1 55.001984
v -31.0 -2.1 54.933975
v -30.889786 -2.1 54.879093
v -30.773663 -2.1 54.838173
v -30.653391 -2.1 54.811836
v -30.530794 -2.1 54.800476
v -30.407732 -2.1 54.804264
v -30.286066 -2.1 54.823151
v -30.167645 -2.1 54.856846
v -30.054262 -2.1 54.904839
v -29.947636 -2.1 54.966396
v -29.849382 -2.1 55.040596
v -29.76099 -2.1 55.126305
v -29.683804 -2.1 55.222225
v -29.618988 -2.1 55.326908
v -29.567528 -2.1 55.438759
v -29.530203 -2.1 55.556087
v -29.50758 -2.1 55.677113
v 31.5 -2.1 37.799999
v 31.49242 -2.1 37.92289
v 31.469797 -2.1 38.043915
v 31.432472 -2.1 38.161243
v 31.381012 -2.1 38.273094
v 31.316196 -2.1 38.377773
v 31.23901 -2.1 38.473694
v 31.150618 -2.1 38.559406
v 31.052364 -2.1 38.633602
v 30.945738 -2.1 38.695164
v 30.832355 -2.1 38.743153
v 30.713934 -2.1 38.776848
v 30.592268 -2.1 38.795734
v 30.469206 -2.1 38.799526
v 30.346609 -2.1 38.788166
v 30.226337 -2.1 38.761826
v 30.110214 -2.1 38.720905
v 30.0 -2.1 38.666027
v 29.897366 -2.1 38.598019
v 29.803865 -2.1 38.517914
v 29.720919 -2.1 38.426926
v 29.649782 -2.1 38.326431
v 29.591536 -2.1 38.21796
v 29.547058 -2.1 38.103153
v 29.517027 -2.1 37.983749
v 29.501896 -2.1 37.861561
v 29.501896 -2.1 37.738438
v 29.517027 -2.1 37.616249
v 29.547058 -2.1 37.496849
v 29.591536 -2.1 37.382038
v 29.649782 -2.1 37.273567
v 29.720919 -2.1 37.173077
v 29.803865 -2.1 37.082088
v 29.897366 -2.1 37.001984
v 30.0 -2.1 36.933975
v 30.110214 -2.1 36.879093
v 30.226337 -2.1 36.838173
v 30.346609 -2.1 36.811836
v 30.469206 -2.1 36.800476
v 30.592268 -2.1 36.804264
v 30.713934 -2.1 36.823151
v 30.832355 -2.1 36.856846
v 30.945738 -2.1 36.904839
v 31.052364 -2.1 36.966396
v 31.150618 -2.1 37.040596
v 31.23901 -2.1 37.126305
v 31.316196 -2.1 37.222225
v 31.381012 -2.1 37.326908
v 31.432472 -2.1 37.438759
v 31.469797 -2.1 37.556087
v 31.49242 -2.1 37.677113
v 31.5 -2.1 55.799999
v 31.49242 -2.1 55.92289
v 31.469797 -2.1 56.043915
v 31.432472 -2.1 56.161243
v 31.381012 -2.1 56.273094
v 31.316196 -2.1 56.377773
v 31.23901 -2.1 56.473694
v 31.150618 -2.1 56.559406
v 31.052364 -2.1 56.633602
v 30.945738 -2.1 56.695164
v 30.832355 -2.1 56.743153
v 30.713934 -2.1 56.776848
v 30.592268 -2.1 56.795734
v 30.469206 -2.1 56.799526
v 30.346609 -2.1 56.788166
v 30.226337 -2.1 56.761826
v 30.110214 -2.1 56.720905
v 30.0 -2.1 56.666027
v 29.897366 -2.1 56.598019
v 29.803865 -2.1 56.517914
v 29.720919 -2.1 56.426926
v 29.649782 -2.1 56.326431
v 29.591536 -2.1 56.21796
v 29.547058 -2.1 56.103153
v 29.517027 -2.1 55.983749
v 29.501896 -2.1 55.861561
v 29.501896 -2.1 55.738438
v 29.517027 -2.1 55.616249
v 29.547058 -2.1 55.496849
v 29.591536 -2.1 55.382038
v 29.649782 -2.1 55.273567
v 29.720919 -2.1 55.173077
v 29.803865 -2.1 55.082088
v 29.897366 -2.1 55.001984
v 30.0 -2.1 54.933975
v 30.110214 -2.1 54.879093
v 30.226337 -2.1 54.838173
v 30.346609 -2.1 54.811836
v 30.469206 -2.1 54.800476
v 30.592268 -2.1 54.804264
v 30.713934 -2.1 54.823151
v 30.832355 -2.1 54.856846
v 30.945738 -2.1 54.904839
v 31.052364 -2.1 54.966396
v 31.150618 -2.1 55.040596
v 31.23901 -2.1 55.126305
v 31.316196 -2.1 55.222225
v 31.381012 -2.1 55.326908
v 31.432472 -2.1 55.438759
v 31.469797 -2.1 55.556087
v 31.49242 -2.1 55.677113
v -32.5 -5.6 37.799999
v -32.485416 -5.6 37.558929
v -32.441883 -5.6 37.321369
v -32.370033 -5.6 37.09079
v -32.270912 -5.6 36.870556
v -32.145969 -5.6 36.663872
v -31.997023 -5.6 36.473755
v -31.826246 -5.6 36.302979
v -31.636129 -5.6 36.154034
v -31.429447 -5.6 36.029087
v -31.209209 -5.6 35.92997
v -30.978632 -5.6 35.858116
v -30.741074 -5.6 35.814583
v -30.5 -5.6 35.799999
v -30.258926 -5.6 35.814583
v -30.02137 -5.6 35.858116
v -29.790791 -5.6 35.929966
v -29.570555 -5.6 36.029087
v -29.363871 -5.6 36.154034
v -29.173756 -5.6 36.302979
v -29.002979 -5.6 36.473755
v -28.854033 -5.6 36.663872
v -28.729088 -5.6 36.870552
v -28.629967 -5.6 37.09079
v -28.558117 -5.6 37.321369
v -28.514582 -5.6 37.558926
v -28.5 -5.6 37.799999
v -32.5 -5.6 40.091797
v -23.5 -16.5 46.799999
v -23.538347 -16.5 47.5317
v -23.652967 -16.5 48.255383
v -23.842604 -16.5 48.96312
v -24.0 -5.6 49.398075
v -24.105183 -16.5 49.647156
v -24.296015 -5.6 50.042
v -24.437822 -16.5 50.299999
v -24.655621 -5.6 50.652691
v -25.075134 -5.6 51.223892
v -25.297987 -16.5 51.483913
v -25.550253 -5.6 51.749748
v -25.816086 -16.5 52.002014
v -26.076107 -5.6 52.224865
v -26.647308 -5.6 52.644379
v -27.258001 -5.6 53.003986
v -27.901924 -5.6 53.299999
v -28.336882 -16.5 53.457397
v -28.5 -5.6 53.508205
v -29.044619 -16.5 53.647034
v -29.156219 -5.6 53.669807
v -29.768301 -16.5 53.761654
v -29.824963 -5.6 53.767376
v -30.5 -16.5 53.799999
v -30.5 -5.6 53.799999
v -31.175035 -5.6 53.767376
v -31.231699 -16.5 53.761654
v -31.843781 -5.6 53.669807
v -31.955381 -16.5 53.647034
v -32.5 -5.6 53.508205
v -32.66312 -16.5 53.457397
v -33.09808 -5.6 53.299999
v -33.742004 -5.6 53.003983
v -34.0 -16.5 52.862179
v -34.352695 -5.6 52.644379
v -34.923897 -5.6 52.224865
v -35.183914 -16.5 52.002014
v -35.449749 -5.6 51.749744
v -35.702015 -16.5 51.483913
v -35.92487 -5.6 51.223892
v -36.16312 -16.5 50.914497
v -36.344379 -5.6 50.652691
v -36.56218 -16.5 50.299999
v -36.703987 -5.6 50.042
v -36.894817 -16.5 49.647156
v -37.0 -5.6 49.398075
v -37.157394 -16.5 48.96312
v -37.461655 -16.5 47.5317
v -37.5 -16.5 46.799999
v -37.461655 -16.5 46.068302
v -37.347034 -16.5 45.34462
v -37.157394 -16.5 44.636883
v -37.0 -5.6 44.201923
v -36.894817 -16.5 43.952843
v -36.703987 -5.6 43.557999
v -36.344379 -5.6 42.947308
v -36.16312 -16.5 42.685505
v -35.924866 -5.6 42.376106
v -35.702015 -16.5 42.116085
v -35.449745 -5.6 41.85025
v -35.183914 -16.5 41.597988
v -34.923889 -5.6 41.37513
v -34.614498 -16.5 41.136883
v -34.352688 -5.6 40.95562
v -34.0 -16.5 40.737823
v -33.741997 -5.6 40.596012
v -33.347157 -16.5 40.405182
v -33.098072 -5.6 40.299999
v -32.66312 -16.5 40.142605
v -31.955381 -16.5 39.952969
v -31.843781 -5.6 39.930191
v -31.175035 -5.6 39.832623
v -30.5 -16.5 39.799999
v -30.5 -5.6 39.799999
v -29.824963 -5.6 39.832623
v -29.768301 -16.5 39.838348
v -29.156219 -5.6 39.930191
v -28.5 -5.6 40.091797
v -28.336882 -16.5 40.142605
v -27.901924 -5.6 40.299999
v -27.652843 -16.5 40.405182
v -27.258001 -5.6 40.596016
v -26.647308 -5.6 40.95562
v -26.385504 -16.5 41.136883
v -26.076107 -5.6 41.375134
v -25.816086 -16.5 41.597988
v -25.550253 -5.6 41.850254
v -25.075134 -5.6 42.376106
v -24.836882 -16.5 42.685505
v -24.655621 -5.6 42.947308
v -24.437822 -16.5 43.299999
v -24.296015 -5.6 43.557999
v -24.105183 -16.5 43.952843
v -24.0 -5.6 44.201923
v -23.842604 -16.5 44.636883
v -23.652967 -16.5 45.34462
v -23.538347 -16.5 46.068302
v -37.0 -5.6 40.299999
v -37.0 -5.6 53.299999
v -32.5 -5.6 55.799999
v -28.5 -5.6 55.799999
v -28.514582 -5.6 56.041073
v -28.558117 -5.6 56.278633
v -28.629967 -5.6 56.509209
v -28.729088 -5.6 56.729446
v -28.854033 -5.6 56.936131
v -29.002979 -5.6 57.126247
v -29.173756 -5.6 57.29702
v -29.363871 -5.6 57.445969
v -29.570555 -5.6 57.570911
v -29.790791 -5.6 57.670033
v -30.02137 -5.6 57.741882
v -30.258926 -5.6 57.785419
v -30.5 -5.6 57.799999
v -30.741074 -5.6 57.785419
v -30.978632 -5.6 57.741882
v -31.209209 -5.6 57.670033
v -31.429447 -5.6 57.570911
v -31.636129 -5.6 57.445969
v -31.826246 -5.6 57.29702
v -31.997023 -5.6 57.126244
v -32.145969 -5.6 56.936131
v -32.270912 -5.6 56.729446
v -32.370033 -5.6 56.509209
v -32.441883 -5.6 56.278629
v -32.485416 -5.6 56.041073
v 32.5 -5.6 55.799999
v 32.485416 -5.6 56.041073
v 32.441883 -5.6 56.278629
v 32.370033 -5.6 56.509209
v 32.270912 -5.6 56.729446
v 32.145969 -5.6 56.936131
v 31.997023 -5.6 57.126244
v 31.826246 -5.6 57.29702
v 31.636129 -5.6 57.445969
v 31.429447 -5.6 57.570911
v 31.209209 -5.6 57.670033
v 30.978632 -5.6 57.741882
v 30.741074 -5.6 57.785419
v 30.5 -5.6 57.799999
v 30.258926 -5.6 57.785419
v 30.02137 -5.6 57.741882
v 29.790791 -5.6 57.670033
v 29.570555 -5.6 57.570911
v 29.363871 -5.6 57.445969
v 29.173756 -5.6 57.29702
v 29.002979 -5.6 57.126247
v 28.854033 -5.6 56.936131
v 28.729088 -5.6 56.729446
v 28.629967 -5.6 56.509209
v 28.558117 -5.6 56.278633
v 28.514582 -5.6 56.041073
v 28.5 -5.6 55.799999
v 32.5 -5.6 53.508205
v 37.5 -16.5 46.799999
v 37.461655 -16.5 47.5317
v 37.347034 -16.5 48.255383
v 37.0 -5.6 49.398075
v 36.894817 -16.5 49.647156
v 36.703987 -5.6 50.042
v 36.56218 -16.5 50.299999
v 36.344379 -5.6 50.652691
v 36.16312 -16.5 50.914497
v 35.92487 -5.6 51.223892
v 35.702015 -16.5 51.483913
v 35.449749 -5.6 51.749744
v 35.183914 -16.5 52.002014
v 34.923897 -5.6 52.224865
v 34.614498 -16.5 52.46312
v 34.352695 -5.6 52.644379
v 34.0 -16.5 52.862179
v 33.742004 -5.6 53.003983
v 33.347157 -16.5 53.194817
v 33.09808 -5.6 53.299999
v 32.66312 -16.5 53.457397
v 31.955381 -16.5 53.647034
v 31.843781 -5.6 53.669807
v 31.231699 -16.5 53.761654
v 31.175035 -5.6 53.767376
v 30.5 -16.5 53.799999
v 30.5 -5.6 53.799999
v 29.824963 -5.6 53.767376
v 29.768301 -16.5 53.761654
v 29.156219 -5.6 53.669807
v 29.044619 -16.5 53.647034
v 28.5 -5.6 53.508205
v 28.336882 -16.5 53.457397
v 27.901924 -5.6 53.299999
v 27.258001 -5.6 53.003986
v 27.0 -16.5 52.862179
v 26.647308 -5.6 52.644379
v 26.385504 -16.5 52.46312
v 26.076107 -5.6 52.224865
v 25.816086 -16.5 52.002014
v 25.550253 -5.6 51.749748
v 25.297987 -16.5 51.483913
v 25.075134 -5.6 51.223892
v 24.836882 -16.5 50.914497
v 24.655621 -5.6 50.652691
v 24.437822 -16.5 50.299999
v 24.296015 -5.6 50.042
v 24.105183 -16.5 49.647156
v 24.0 -5.6 49.398075
v 23.842604 -16.5 48.96312
v 23.538347 -16.5 47.5317
v 23.5 -16.5 46.799999
v 23.538347 -16.5 46.068302
v 24.0 -5.6 44.201923
v 24.105183 -16.5 43.952843
v 24.296015 -5.6 43.557999
v 24.655621 -5.6 42.947308
v 24.836882 -16.5 42.685505
v 25.075134 -5.6 42.376106
v 25.297987 -16.5 42.116085
v 25.550253 -5.6 41.850254
v 25.816086 -16.5 41.597988
v 26.076107 -5.6 41.375134
v 26.647308 -5.6 40.95562
v 27.258001 -5.6 40.596016
v 27.652843 -16.5 40.405182
v 27.901924 -5.6 40.299999
v 28.336882 -16.5 40.142605
v 28.5 -5.6 40.091797
v 29.044619 -16.5 39.952969
v 29.156219 -5.6 39.930191
v 29.824963 -5.6 39.832623
v 30.5 -5.6 39.799999
v 31.175035 -5.6 39.832623
v 31.843781 -5.6 39.930191
v 32.5 -5.6 40.091797
v 32.66312 -16.5 40.142605
v 33.098072 -5.6 40.299999
v 33.347157 -16.5 40.405182
v 33.741997 -5.6 40.596012
v 34.0 -16.5 40.737823
v 34.352688 -5.6 40.95562
v 34.614498 -16.5 41.136883
v 34.923889 -5.6 41.37513
v 35.183914 -16.5 41.597988
v 35.449745 -5.6 41.85025
v 35.702015 -16.5 42.116085
v 35.924866 -5.6 42.376106
v 36.16312 -16.5 42.685505
v 36.344379 -5.6 42.947308
v 36.56218 -16.5 43.299999
v 36.703987 -5.6 43.557999
v 36.894817 -16.5 43.952843
v 37.0 -5.6 44.201923
v 37.157394 -16.5 44.636883
v 37.347034 -16.5 45.34462
v 37.461655 -16.5 46.068302
v 37.0 -5.6 53.299999
v 37.0 -5.6 40.299999
v 32.5 -5.6 37.799999
v 28.5 -5.6 37.799999
v 28.514582 -5.6 37.558926
v 28.558117 -5.6 37.321369
v 28.629967 -5.6 37.09079
v 28.729088 -5.6 36.870552
v 28.854033 -5.6 36.663872
v 29.002979 -5.6 36.473755
v 29.173756 -5.6 36.302979
v 29.363871 -5.6 36.154034
v 29.570555 -5.6 36.029087
v 29.790791 -5.6 35.929966
v 30.02137 -5.6 35.858116
v 30.258926 -5.6 35.814583
v 30.5 -5.6 35.799999
v 30.741074 -5.6 35.814583
v 30.978632 -5.6 35.858116
v 31.209209 -5.6 35.92997
v 31.429447 -5.6 36.029087
v 31.636129 -5.6 36.154034
v 31.826246 -5.6 36.302979
v 31.997023 -5.6 36.473755
v 32.145969 -5.6 36.663872
v 32.270912 -5.6 36.870556
v 32.370033 -5.6 37.09079
v 32.441883 -5.6 37.321369
v 32.485416 -5.6 37.558929
v -24.0 -5.6 53.299999
v -24.0 -5.6 40.299999
v -3.70969 -2.175673 42.799999
v -3.70969 -2.175673 35.799999
v -3.863273 -2.270478 42.799999
v -3.863273 -2.270478 35.799999
v -4.004358 -2.383044 42.799999
v -4.004358 -2.383044 35.799999
v -4.130901 -2.511739 42.799999
v -4.130901 -2.511739 35.799999
v -4.241072 -2.654703 42.799999
v -4.241072 -2.654703 35.799999
v -4.333273 -2.809863 42.799999
v -4.333273 -2.809863 35.799999
v -4.406171 -2.974974 42.799999
v -4.406171 -2.974974 35.799999
v -4.458711 -3.147646 42.799999
v -4.458711 -3.147646 35.799999
v -4.490131 -3.325378 42.799999
v -4.490131 -3.325378 35.799999
v -4.499976 -3.505597 42.799999
v -4.499976 -3.505597 35.799999
v -4.488105 -3.685695 42.799999
v -4.488105 -3.685695 35.799999
v -4.454689 -3.863062 42.799999
v -4.454689 -3.863062 35.799999
v -4.400211 -4.035132 42.799999
v -4.400211 -4.035132 35.799999
v -4.325461 -4.199413 42.799999
v -4.325461 -4.199413 35.799999
v -4.23152 -4.353527 42.799999
v -4.23152 -4.353527 35.799999
v -4.11975 -4.495243 42.799999
v -4.11975 -4.495243 35.799999
v -3.991767 -4.622508 42.799999
v -3.991767 -4.622508 35.799999
v -3.849426 -4.733479 42.799999
v -3.849426 -4.733479 35.799999
v -3.694786 -4.826552 42.799999
v -3.694786 -4.826552 35.799999
v -3.530087 -4.900377 42.799999
v -3.530087 -4.900377 35.799999
v -3.357714 -4.953887 42.799999
v -3.357714 -4.953887 35.799999
v -3.180161 -4.986306 35.799999
v -3.180161 -4.986306 42.799999
v -3.0 -4.997164 42.799999
v -3.0 -4.997164 35.799999
v 3.530087 -4.900377 42.799999
v 3.180161 -4.986306 42.799999
v 3.357714 -4.953887 42.799999
v 3.694786 -4.826552 42.799999
v 3.0 -4.997164 42.799999
v 3.991767 -4.622508 42.799999
v 3.849426 -4.733479 42.799999
v 4.23152 -4.353527 42.799999
v 4.11975 -4.495243 42.799999
v 4.454689 -3.863062 42.799999
v 4.325461 -4.199413 42.799999
v 4.400211 -4.035132 42.799999
v 4.499976 -3.505597 42.799999
v 4.488105 -3.685695 42.799999
v 4.490131 -3.325378 42.799999
v 4.406171 -2.974974 42.799999
v 4.458711 -3.147646 42.799999
v 3.70969 -2.175673 42.799999
v 4.241072 -2.654703 42.799999
v 4.333273 -2.809863 42.799999
v 4.004358 -2.383044 42.799999
v 4.130901 -2.511739 42.799999
v 3.863273 -2.270478 42.799999
v 3.0 -4.997164 35.799999
v 3.180161 -4.986306 35.799999
v 3.357714 -4.953887 35.799999
v 3.530087 -4.900377 35.799999
v 3.694786 -4.826552 35.799999
v 3.849426 -4.733479 35.799999
v 3.991767 -4.622508 35.799999
v 4.11975 -4.495243 35.799999
v 4.23152 -4.353527 35.799999
v 4.325461 -4.199413 35.799999
v 4.400211 -4.035132 35.799999
v 4.454689 -3.863062 35.799999
v 4.488105 -3.685695 35.799999
v 4.499976 -3.505597 35.799999
v 4.490131 -3.325378 35.799999
v 4.458711 -3.147646 35.799999
v 4.406171 -2.974974 35.799999
v 4.333273 -2.809863 35.799999
v 4.241072 -2.654703 35.799999
v 4.130901 -2.511739 35.799999
v 4.004358 -2.383044 35.799999
v 3.863273 -2.270478 35.799999
v 3.70969 -2.175673 35.799999
v 24.0 -5.6 40.299999
v 24.0 -5.6 53.299999
v -36.56218 -16.5 43.299999
v -31.231699 -16.5 39.838348
v -37.347034 -16.5 48.255383
v -29.044619 -16.5 39.952969
v -27.0 -16.5 40.737823
v -25.297987 -16.5 42.116085
v -34.614498 -16.5 52.46312
v -33.347157 -16.5 53.194817
v -27.652843 -16.5 53.194817
v -27.0 -16.5 52.862179
v -26.385504 -16.5 52.46312
v -24.836882 -16.5 50.914497
v 26.385504 -16.5 41.136883
v 24.437822 -16.5 43.299999
v 27.0 -16.5 40.737823
v 23.652967 -16.5 45.34462
v 23.842604 -16.5 44.636883
v 29.768301 -16.5 39.838348
v 30.5 -16.5 39.799999
v 23.652967 -16.5 48.255383
v 31.231699 -16.5 39.838348
v 31.955381 -16.5 39.952969
v 27.652843 -16.5 53.194817
v 37.157394 -16.5 48.96312
vn -1.0 -0.0 -0.0
vn -1.0 0.0 0.0
vn 0.0 0.0 1.0
vn 0.0 0.0 1.0
vn 0.0 0.0 1.0
vn 0.0 0.0 1.0
vn 0.0 0.0 -1.0
vn 0.0 0.0 -1.0
vn 0.0 0.0 -1.0
vn 0.0 0.0 -1.0
vn 0.0 0.0 -1.0
vn 0.0 0.0 -1.0
vn 0.0 0.0 -1.0
vn 0.0 0.0 -1.0
vn 0.0 0.0 -1.0
vn 0.0 0.0 -1.0
vn 0.0 0.0 -1.0
vn 0.0 0.0 -1.0
vn 0.0 1.0 0.0
vn 0.0 1.0 0.0
vn 0.0 1.0 0.0
vn 0.0 1.0 0.0
vn 0.0 1.0 0.0
vn 0.0 1.0 0.0
vn 0.0 1.0 0.0
vn 0.0 1.0 0.0
vn 0.0 1.0 0.0
vn 0.0 1.0 0.0
vn 0.0 1.0 0.0
vn 0.0 1.0 0.0
vn 0.0 1.0 0.0
vn 0.0 1.0 0.0
vn 0.0 1.0 0.0
vn 0.0 1.0 0.0
vn 0.0 1.0 0.0
vn 0.0 1.0 0.0
vn 0.0 1.0 0.0
vn 0.0 1.0 0.0
vn 0.0 1.0 0.0
vn 0.0 1.0 0.0
vn 0.0 1.0 0.0
vn 0.0 1.0 0.0
vn 0.0 1.0 0.0
vn 0.0 1.0 0.0
vn 0.0 1.0 0.0
vn 0.0 1.0 0.0
vn 0.0 1.0 0.0
vn 0.0 1.0 0.0
vn 0.0 1.0 0.0
vn 0.0 1.0 0.0
vn 0.0 1.0 0.0
vn 0.0 1.0 0.0
vn 0.0 1.0 0.0
vn 0.0 1.0 0.0
vn 0.0 1.0 0.0
vn 0.0 1.0 0.0
vn 0.0 1.0 0.0
vn 0.0 1.0 0.0
vn 0.0 1.0 0.0
vn 0.0 1.0 0.0
vn 0.0 1.0 0.0
vn 0.0 1.0 0.0
vn 0.0 1.0 0.0
vn 0.0 1.0 0.0
vn 0.0 1.0 0.0
vn 0.0 1.0 0.0
vn 0.0 1.0 0.0
vn 0.0 1.0 0.0
vn 0.0 1.0 0.0
vn 0.0 1.0 0.0
vn 0.0 1.0 0.0
vn 0.0 1.0 0.0
vn 0.0 1.0 0.0
vn 0.0 1.0 0.0
vn 0.0 1.0 0.0
vn 0.0 1.0 0.0
vn 0.0 1.0 0.0
vn 0.0 1.0 0.0
vn 0.0 1.0 0.0
vn 0.0 1.0 0.0
vn 0.0 1.0 0.0
vn 0.0 1.0 0.0
vn 0.0 1.0 0.0
vn 0.0 1.0 0.0
vn 0.0 1.0 0.0
vn 0.0 1.0 0.0
vn 0.0 1.0 0.0
vn 0.0 1.0 0.0
vn 0.0 1.0 0.0
vn 0.0 1.0 0.0
vn 0.0 1.0 0.0
vn 0.0 1.0 0.0
vn 0.0 1.0 0.0
vn 0.0 1.0 0.0
vn 0.0 1.0 0.0
vn 0.0 1.0 0.0
vn 0.0 1.0 0.0
vn 0.0 1.0 0.0
vn 0.0 1.0 0.0
vn 0.0 1.0 0.0
vn 0.0 1.0 0.0
vn 0.0 1.0 0.0
vn 0.0 1.0 0.0
vn 0.0 1.0 0.0
vn 0.0 1.0 0.0
vn 0.0 1.0 0.0
vn 0.0 1.0 0.0
vn 0.0 1.0 0.0
vn 0.0 1.0 0.0
vn 0.0 1.0 0.0
vn 0.0 1.0 0.0
vn 0.0 1.0 0.0
vn 0.0 1.0 0.0
vn 0.0 1.0 0.0
vn 0.0 1.0 0.0
vn 0.0 1.0 0.0
vn 0.0 1.0 0.0
vn 0.0 1.0 0.0
vn 0.0 1.0 0.0
vn 0.0 1.0 0.0
vn 0.0 1.0 0.0
vn 0.0 1.0 0.0
vn 0.0 1.0 0.0
vn 0.0 1.0 0.0
vn 0.0 1.0 0.0
vn 0.0 1.0 0.0
vn 0.0 1.0 0.0
vn 0.0 1.0 0.0
vn 0.0 1.0 0.0
vn 0.0 1.0 0.0
vn 0.0 1.0 0.0
vn 0.0 1.0 0.0
vn 0.0 1.0 0.0
vn 0.0 1.0 0.0
vn 0.0 1.0 0.0
vn 0.0 1.0 0.0
vn 0.0 1.0 0.0
vn 0.0 1.0 0.0
vn 0.0 1.0 0.0
vn 0.0 1.0 0.0
vn 0.0 1.0 0.0
vn 0.0 1.0 0.0
vn 0.0 1.0 0.0
vn 0.0 1.0 0.0
vn 0.0 1.0 0.0
vn 0.0 1.0 0.0
vn 0.0 1.0 0.0
vn 0.0 1.0 0.0
vn 0.0 1.0 0.0
vn 0.0 1.0 0.0
vn 0.0 1.0 0.0
vn 0.0 1.0 0.0
vn 0.0 1.0 0.0
vn 0.0 1.0 0.0
vn 0.0 1.0 0.0
vn 0.0 1.0 0.0
vn 0.0 1.0 0.0
vn 0.0 1.0 0.0
vn 0.0 1.0 0.0
vn 0.0 1.0 0.0
vn 0.0 1.0 0.0
vn 0.0 1.0 0.0
vn 0.0 1.0 0.0
vn 0.0 1.0 0.0
vn 0.0 1.0 0.0
vn 0.0 1.0 0.0
vn 0.0 1.0 0.0
vn 0.0 1.0 0.0
vn 0.0 1.0 0.0
vn 0.0 1.0 0.0
vn 0.0 1.0 0.0
vn 0.0 1.0 0.0
vn 0.0 1.0 0.0
vn 0.0 1.0 0.0
vn 0.0 1.0 0.0
vn 0.0 1.0 0.0
vn 0.0 1.0 0.0
vn 0.0 1.0 0.0
vn 0.0 1.0 0.0
vn 0.0 1.0 0.0
vn 0.0 1.0 0.0
vn 0.0 1.0 0.0
vn 0.0 1.0 0.0
vn 0.0 1.0 0.0
vn 0.0 1.0 0.0
vn 0.0 1.0 0.0
vn 0.0 1.0 0.0
vn 0.0 1.0 0.0
vn 0.0 1.0 0.0
vn 0.0 1.0 0.0
vn 0.0 1.0 0.0
vn 0.0 1.0 0.0
vn 0.0 1.0 0.0
vn 0.0 1.0 0.0
vn 0.0 1.0 0.0
vn 0.0 1.0 0.0
vn 0.0 1.0 0.0
vn 0.0 1.0 0.0
vn 0.0 1.0 0.0
vn 0.0 1.0 0.0
vn 0.0 1.0 0.0
vn 0.0 1.0 0.0
vn 0.0 1.0 0.0
vn 0.0 1.0 0.0
vn 0.0 1.0 0.0
vn 0.0 1.0 0.0
vn 0.0 1.0 0.0
vn 0.0 1.0 0.0
vn 0.0 1.0 0.0
vn 0.0 1.0 0.0
vn 0.0 1.0 0.0
vn 0.0 1.0 0.0
vn 0.0 1.0 0.0
vn 0.0 1.0 0.0
vn 0.0 1.0 0.0
vn 0.0 1.0 0.0
vn 0.0 1.0 0.0
vn 0.0 1.0 0.0
vn 0.0 1.0 0.0
vn 0.0 1.0 0.0
vn 0.0 1.0 0.0
vn 0.0 1.0 0.0
vn 0.0 1.0 0.0
vn 0.0 1.0 0.0
vn 0.0 1.0 0.0
vn 0.0 1.0 0.0
vn 0.0 1.0 0.0
vn 0.0 1.0 0.0
vn 0.0 1.0 0.0
vn 0.0 1.0 0.0
vn 0.0 1.0 0.0
vn 0.0 1.0 0.0
vn 0.0 1.0 0.0
vn 0.0 1.0 0.0
vn 0.0 1.0 0.0
vn 0.0 1.0 0.0
vn 0.0 1.0 0.0
vn 0.0 1.0 0.0
vn 0.0 1.0 0.0
vn 0.0 1.0 0.0
vn 0.0 1.0 0.0
vn 0.0 1.0 0.0
vn 0.0 1.0 0.0
vn 0.0 1.0 0.0
vn 0.0 1.0 0.0
vn 0.0 1.0 0.0
vn 0.0 1.0 0.0
vn 0.0 1.0 0.0
vn 0.0 1.0 0.0
vn 0.0 1.0 0.0
vn 0.0 1.0 0.0
vn 0.0 1.0 0.0
vn 0.0 1.0 0.0
vn 0.0 1.0 0.0
vn 0.0 1.0 0.0
vn 0.0 1.0 0.0
vn 0.0 1.0 0.0
vn 0.0 1.0 0.0
vn 0.0 1.0 0.0
vn 0.0 1.0 0.0
vn 0.0 1.0 0.0
vn 0.0 1.0 0.0
vn 0.0 1.0 0.0
vn 0.0 1.0 0.0
vn 0.0 1.0 0.0
vn 0.0 1.0 0.0
vn 0.0 1.0 0.0
vn 0.0 1.0 0.0
vn 0.0 1.0 0.0
vn 0.0 1.0 0.0
vn 0.0 1.0 0.0
vn 0.0 1.0 0.0
vn 0.0 1.0 0.0
vn 0.0 1.0 0.0
vn 0.0 1.0 0.0
vn 0.0 1.0 0.0
vn 0.0 1.0 0.0
vn 0.0 1.0 0.0
vn 0.0 1.0 0.0
vn 0.0 1.0 0.0
vn 0.0 1.0 0.0
vn 0.0 1.0 0.0
vn 0.0 1.0 0.0
vn 0.0 1.0 0.0
vn 0.0 1.0 0.0
vn 0.0 1.0 0.0
vn 0.0 1.0 0.0
vn 0.0 1.0 0.0
vn 0.0 1.0 0.0
vn 0.0 1.0 0.0
vn 0.0 1.0 0.0
vn 0.0 1.0 0.0
vn 0.0 1.0 0.0
vn 0.0 1.0 0.0
vn 0.0 1.0 0.0
vn 0.0 1.0 0.0
vn 0.0 1.0 0.0
vn 0.0 1.0 0.0
vn 0.0 1.0 0.0
vn 0.0 1.0 0.0
vn 0.0 1.0 0.0
vn 0.0 1.0 0.0
vn 0.0 1.0 0.0
vn 0.0 1.0 0.0
vn 0.0 1.0 0.0
vn 0.0 1.0 0.0
vn 0.0 1.0 0.0
vn 0.0 1.0 0.0
vn 0.0 1.0 0.0
vn 0.0 1.0 0.0
vn 0.0 1.0 0.0
vn 0.0 1.0 0.0
vn 0.0 1.0 0.0
vn 0.0 1.0 0.0
vn 0.0 1.0 0.0
vn 0.0 1.0 0.0
vn 0.0 1.0 0.0
vn 0.0 1.0 0.0
vn 0.0 1.0 0.0
vn 0.0 1.0 0.0
vn 0.0 1.0 0.0
vn 0.0 1.0 0.0
vn 0.0 1.0 0.0
vn 0.0 1.0 0.0
vn 0.0 1.0 0.0
vn 0.0 1.0 0.0
vn 0.0 1.0 0.0
vn 0.0 1.0 0.0
vn 0.0 1.0 0.0
vn 0.0 1.0 0.0
vn 0.0 1.0 0.0
vn 0.0 1.0 0.0
vn 0.0 1.0 0.0
vn 0.0 1.0 0.0
vn 0.0 1.0 0.0
vn 0.0 1.0 0.0
vn 0.0 1.0 0.0
vn 0.0 1.0 0.0
vn 0.0 1.0 0.0
vn 0.0 1.0 0.0
vn 0.0 1.0 0.0
vn 0.0 1.0 0.0
vn 0.0 1.0 0.0
vn 0.0 1.0 0.0
vn 0.0 1.0 0.0
vn 0.0 1.0 0.0
vn 0.0 1.0 0.0
vn 0.0 1.0 0.0
vn 0.0 1.0 0.0
vn 0.0 1.0 0.0
vn 0.0 1.0 0.0
vn 0.0 1.0 0.0
vn 0.0 1.0 0.0
vn 0.0 1.0 0.0
vn 0.0 1.0 0.0
vn 0.0 1.0 0.0
vn 0.0 1.0 0.0
vn 0.0 1.0 0.0
vn 0.0 1.0 0.0
vn 0.0 1.0 0.0
vn 0.0 1.0 0.0
vn 0.0 1.0 0.0
vn 0.0 1.0 0.0
vn 0.0 1.0 0.0
vn 0.0 1.0 0.0
vn 0.0 1.0 0.0
vn 0.0 1.0 0.0
vn 0.0 1.0 0.0
vn 0.0 1.0 0.0
vn 0.0 1.0 0.0
vn 0.0 1.0 0.0
vn 0.0 1.0 0.0
vn 0.0 1.0 0.0
vn 0.0 1.0 0.0
vn 0.0 1.0 0.0
vn 0.0 1.0 0.0
vn 0.0 1.0 0.0
vn 0.0 1.0 0.0
vn 0.0 1.0 0.0
vn 0.0 1.0 0.0
vn 0.0 1.0 0.0
vn 0.0 1.0 0.0
vn 0.0 1.0 0.0
vn 0.0 1.0 0.0
vn 0.0 1.0 0.0
vn 0.0 1.0 0.0
vn 0.0 1.0 0.0
vn 0.0 1.0 0.0
vn 0.0 1.0 0.0
vn 0.0 1.0 0.0
vn 0.0 1.0 0.0
vn 0.0 1.0 0.0
vn 0.0 1.0 0.0
vn 0.0 1.0 0.0
vn 0.0 1.0 0.0
vn 0.0 1.0 0.0
vn 0.0 1.0 0.0
vn 0.0 1.0 0.0
vn 0.0 1.0 0.0
vn 0.0 1.0 0.0
vn 0.0 1.0 0.0
vn 0.0 1.0 0.0
vn 0.0 1.0 0.0
vn 0.0 1.0 0.0
vn 0.0 1.0 0.0
vn 0.0 1.0 0.0
vn 0.0 1.0 0.0
vn 0.0 1.0 0.0
vn 0.0 1.0 0.0
vn 0.0 1.0 0.0
vn 0.0 1.0 0.0
vn 0.0 1.0 0.0
vn 0.0 1.0 0.0
vn 0.0 1.0 0.0
vn 0.0 1.0 0.0
vn 0.0 1.0 0.0
vn 0.0 1.0 0.0
vn 0.0 1.0 0.0
vn 0.0 1.0 0.0
vn 0.0 1.0 0.0
vn 0.0 1.0 0.0
vn 0.0 1.0 0.0
vn 0.0 1.0 0.0
vn 0.0 1.0 0.0
vn 0.0 1.0 0.0
vn 0.0 1.0 0.0
vn 0.0 1.0 0.0
vn 0.0 1.0 0.0
vn 0.0 1.0 0.0
vn 0.0 1.0 0.0
vn 0.0 1.0 0.0
vn 0.0 1.0 0.0
vn 0.0 1.0 0.0
vn 0.0 1.0 0.0
vn 0.0 1.0 0.0
vn 0.0 1.0 0.0
vn 0.0 1.0 0.0
vn 0.0 1.0 0.0
vn 0.0 1.0 0.0
vn 0.0 1.0 0.0
vn 0.0 1.0 0.0
vn 0.0 1.0 0.0
vn 0.0 1.0 0.0
vn 0.0 1.0 0.0
vn 0.0 1.0 0.0
vn 0.0 1.0 0.0
vn 0.0 1.0 0.0
vn 0.0 1.0 0.0
vn 0.0 1.0 0.0
vn 0.0 1.0 0.0
vn 0.0 1.0 0.0
vn 0.0 1.0 0.0
vn 0.0 1.0 0.0
vn 0.0 1.0 0.0
vn 0.0 1.0 0.0
vn 0.0 1.0 0.0
vn 0.0 1.0 0.0
vn 0.0 1.0 0.0
vn 0.0 1.0 0.0
vn 0.0 1.0 0.0
vn 0.0 1.0 0.0
vn 0.0 1.0 0.0
vn 0.0 1.0 0.0
vn 0.0 1.0 0.0
vn 0.0 1.0 0.0
vn 0.0 1.0 0.0
vn 0.0 1.0 0.0
vn 0.0 1.0 0.0
vn 0.0 1.0 0.0
vn 0.0 1.0 0.0
vn 0.0 1.0 0.0
vn 0.0 1.0 0.0
vn 0.0 1.0 0.0
vn 0.0 1.0 0.0
vn 0.0 1.0 0.0
vn 0.0 1.0 0.0
vn 0.0 1.0 0.0
vn 0.0 1.0 0.0
vn 0.0 1.0 0.0
vn 0.0 1.0 0.0
vn 0.0 1.0 0.0
vn 0.0 1.0 0.0
vn 0.0 1.0 0.0
vn 0.0 1.0 0.0
vn 0.0 1.0 0.0
vn 0.0 1.0 0.0
vn 0.0 1.0 0.0
vn 0.0 1.0 0.0
vn 0.0 1.0 0.0
vn 0.0 1.0 0.0
vn 0.0 1.0 0.0
vn 0.0 1.0 0.0
vn 0.0 1.0 0.0
vn 0.0 1.0 0.0
vn 0.0 1.0 0.0
vn 0.0 1.0 0.0
vn 0.0 1.0 0.0
vn 0.0 1.0 0.0
vn 0.0 1.0 0.0
vn 0.0 1.0 0.0
vn 0.0 1.0 0.0
vn 0.0 1.0 0.0
vn 0.0 1.0 0.0
vn 0.0 1.0 0.0
vn 0.0 1.0 0.0
vn 0.0 1.0 0.0
vn 0.0 1.0 0.0
vn 0.0 1.0 0.0
vn 0.0 1.0 0.0
vn 0.0 1.0 0.0
vn 0.0 1.0 0.0
vn 0.0 1.0 0.0
vn 0.0 1.0 0.0
vn 0.0 1.0 0.0
vn 0.0 1.0 0.0
vn 0.0 1.0 0.0
vn 0.0 1.0 0.0
vn 0.0 1.0 0.0
vn 0.0 1.0 0.0
vn 0.0 1.0 0.0
vn 0.0 1.0 0.0
vn 0.0 1.0 0.0
vn 0.0 1.0 0.0
vn 0.0 1.0 0.0
vn 0.0 1.0 0.0
vn 0.0 1.0 0.0
vn 0.0 1.0 0.0
vn 0.0 1.0 0.0
vn 0.0 1.0 0.0
vn 0.0 1.0 0.0
vn 0.0 1.0 0.0
vn 0.0 1.0 0.0
vn 0.0 1.0 0.0
vn 0.0 1.0 0.0
vn 0.0 1.0 0.0
vn 0.0 1.0 0.0
vn 0.0 1.0 0.0
vn 0.0 1.0 0.0
vn 0.0 1.0 0.0
vn 0.0 1.0 0.0
vn 0.0 1.0 0.0
vn 0.0 1.0 0.0
vn 0.0 1.0 0.0
vn 0.0 1.0 0.0
vn 0.0 1.0 0.0
vn 0.0 1.0 0.0
vn 0.0 1.0 0.0
vn 0.0 1.0 0.0
vn 0.0 1.0 0.0
vn 0.0 1.0 0.0
vn -0.0 1.0 0.0
vn 0.0 1.0 0.0
vn 0.0 1.0 0.0
vn 0.0 1.0 0.0
vn 0.0 1.0 0.0
vn 0.0 1.0 0.0
vn 0.0 1.0 0.0
vn 0.0 1.0 0.0
vn 0.0 1.0 0.0
vn 0.0 1.0 0.0
vn 0.0 1.0 0.0
vn 0.0 1.0 0.0
vn 0.0 1.0 0.0
vn 0.0 1.0 0.0
vn 0.0 1.0 0.0
vn 0.0 1.0 0.0
vn 0.0 1.0 0.0
vn 0.0 1.0 0.0
vn -0.0 -1.0 0.0
vn 0.0 -1.0 0.0
vn -0.0 -1.0 0.0
vn 0.0 -1.0 0.0
vn -0.0 -1.0 0.0
vn 0.0 -1.0 0.0
vn -0.0 -1.0 0.0
vn 0.0 -1.0 0.0
vn -0.0 -1.0 0.0
vn 0.0 -1.0 0.0
vn -0.0 -1.0 0.0
vn 0.0 -1.0 0.0
vn -0.0 -1.0 0.0
vn 0.0 -1.0 0.0
vn -0.0 -1.0 0.0
vn 0.0 -1.0 0.0
vn -0.0 -1.0 0.0
vn 0.0 -1.0 0.0
vn 0.0 -1.0 0.0
vn 0.0 -1.0 0.0
vn 0.0 -1.0 0.0
vn 0.0 -1.0 0.0
vn 0.0 -1.0 0.0
vn 0.0 -1.0 0.0
vn 0.0 -1.0 0.0
vn 0.0 -1.0 0.0
vn -0.0 -1.0 0.0
vn -0.0 -1.0 0.0
vn -0.0 -1.0 0.0
vn -0.0 -1.0 0.0
vn 0.0 -1.0 0.0
vn 0.0 -1.0 0.0
vn 0.0 -1.0 0.0
vn 0.0 -1.0 0.0
vn 0.0 -1.0 0.0
vn 0.0 -1.0 0.0
vn 0.0 -1.0 0.0
vn 0.0 -1.0 0.0
vn 0.0 -1.0 0.0
vn 0.0 -1.0 0.0
vn 0.0 -1.0 0.0
vn 0.0 -1.0 0.0
vn 0.0 -1.0 0.0
vn 0.0 -1.0 0.0
vn 0.0 -1.0 0.0
vn 0.0 -1.0 0.0
vn 0.0 -1.0 0.0
vn 0.0 -1.0 0.0
vn 0.0 -1.0 0.0
vn 0.0 -1.0 0.0
vn 0.0 -1.0 0.0
vn 0.0 -1.0 0.0
vn 0.0 -1.0 0.0
vn 0.0 -1.0 0.0
vn 0.0 -1.0 0.0
vn -0.0 -1.0 0.0
vn -0.0 -1.0 0.0
vn 0.0 -1.0 0.0
vn 0.0 -1.0 0.0
vn 0.0 -1.0 0.0
vn 0.0 -1.0 0.0
vn 0.0 -1.0 0.0
vn 0.0 -1.0 0.0
vn 0.0 -1.0 0.0
vn -0.0 -1.0 0.0
vn -0.0 -1.0 0.0
vn -0.0 -1.0 0.0
vn -0.0 -1.0 0.0
vn -0.0 -1.0 0.0
vn -0.0 -1.0 0.0
vn -0.0 -1.0 0.0
vn -0.0 -1.0 0.0
vn -0.0 -1.0 0.0
vn -0.0 -1.0 -0.0
vn -0.0 -1.0 0.0
vn 0.0 -1.0 0.0
vn -0.0 -1.0 0.0
vn -0.0 -1.0 0.0
vn -0.0 -1.0 -0.0
vn 0.0 -1.0 0.0
vn 0.0 -1.0 0.0
vn -0.0 -1.0 -0.0
vn -0.0 -1.0 0.0
vn 0.0 -1.0 0.0
vn -0.0 -1.0 0.0
vn -0.0 -1.0 -0.0
vn 0.0 -1.0 0.0
vn 0.0 -1.0 0.0
vn 0.0 -1.0 0.0
vn 0.0 -1.0 0.0
vn 0.0 -1.0 0.0
vn 0.0 -1.0 0.0
vn 0.0 -1.0 0.0
vn 0.0 -1.0 0.0
vn 0.0 -1.0 0.0
vn -0.0 -1.0 0.0
vn -0.0 -1.0 0.0
vn -0.0 -1.0 0.0
vn -0.0 -1.0 0.0
vn -0.0 -1.0 0.0
vn -0.0 -1.0 -0.0
vn -0.0 -1.0 -0.0
vn -0.0 -1.0 -0.0
vn -0.0 -1.0 -0.0
vn -0.0 -1.0 0.0
vn 0.0 -1.0 0.0
vn 0.0 -1.0 0.0
vn 0.0 -1.0 0.0
vn 0.0 -1.0 0.0
vn 0.0 -1.0 0.0
vn 0.0 -1.0 0.0
vn 0.0 -1.0 0.0
vn 0.0 -1.0 0.0
vn 0.0 -1.0 0.0
vn 0.0 -1.0 0.0
vn 0.0 -1.0 0.0
vn 0.0 -1.0 0.0
vn 0.0 -1.0 0.0
vn 0.0 -1.0 0.0
vn 0.0 -1.0 0.0
vn -0.0 -1.0 0.0
vn 0.0 -1.0 0.0
vn -0.0 -1.0 0.0
vn -0.0 -1.0 0.0
vn 0.0 -1.0 0.0
vn 0.0 -1.0 0.0
vn 0.0 -1.0 0.0
vn 0.0 -1.0 0.0
vn 0.0 -1.0 0.0
vn 0.0 -1.0 0.0
vn 0.0 -1.0 0.0
vn 0.0 -1.0 0.0
vn 0.0 -1.0 0.0
vn 0.0 -1.0 0.0
vn -0.0 -1.0 0.0
vn 0.0 -1.0 0.0
vn -0.0 -1.0 0.0
vn 0.0 -1.0 0.0
vn 0.0 -1.0 0.0
vn -0.0 -1.0 0.0
vn 0.0 -1.0 0.0
vn -0.0 -1.0 0.0
vn 0.0 -1.0 0.0
vn -0.0 -1.0 0.0
vn 0.0 -1.0 0.0
vn -0.0 -1.0 0.0
vn 0.0 -1.0 0.0
vn 0.0 -1.0 0.0
vn 0.0 -1.0 0.0
vn 0.0 -1.0 0.0
vn 0.0 -1.0 0.0
vn -0.0 -1.0 0.0
vn -0.0 -1.0 0.0
vn 1.0 0.0 0.0
vn 1.0 0.0 -0.0
vn 0.0 -1.0 0.0
vn 0.0 -1.0 0.0
vn 0.0 -1.0 0.0
vn 0.0 -1.0 0.0
vn 0.0 -1.0 0.0
vn -0.0 -1.0 0.0
vn 0.0 -1.0 0.0
vn 0.0 -1.0 0.0
vn 0.0 -1.0 0.0
vn -0.0 -1.0 0.0
vn 0.0 -1.0 0.0
vn 0.0 -1.0 0.0
vn -0.0 -1.0 0.0
vn 0.0 -1.0 0.0
vn 0.0 -1.0 0.0
vn 0.0 -1.0 0.0
vn -0.0 -1.0 0.0
vn 0.0 -1.0 0.0
vn -0.0 -1.0 0.0
vn 0.0 -1.0 0.0
vn 0.0 -1.0 0.0
vn 0.0 -1.0 0.0
vn 0.0 -1.0 0.0
vn 0.0 -1.0 0.0
vn -0.0 -1.0 0.0
vn 0.0 -1.0 0.0
vn 0.0 -1.0 0.0
vn 0.0 -1.0 0.0
vn 0.0 -1.0 0.0
vn 0.0 -1.0 0.0
vn 0.0 -1.0 0.0
vn 0.0 -1.0 0.0
vn 0.0 -1.0 0.0
vn 0.0 -1.0 0.0
vn 0.0 -1.0 0.0
vn 0.0 -1.0 0.0
vn 0.0 -1.0 0.0
vn 0.0 -1.0 0.0
vn 0.0 -1.0 0.0
vn 0.0 -1.0 0.0
vn 0.0 -1.0 0.0
vn 0.0 -1.0 0.0
vn 0.0 -1.0 0.0
vn 0.0 -1.0 0.0
vn 0.0 -1.0 0.0
vn 0.0 -1.0 0.0
vn 0.0 -1.0 0.0
vn 0.0 -1.0 0.0
vn 0.0 -1.0 0.0
vn 0.0 -1.0 0.0
vn 0.0 -1.0 0.0
vn 0.0 -1.0 0.0
vn -0.0 -1.0 0.0
vn -0.0 -1.0 0.0
vn -0.0 -1.0 0.0
vn -0.0 -1.0 0.0
vn -0.0 -1.0 0.0
vn -0.0 -1.0 0.0
vn -0.0 -1.0 0.0
vn -0.0 -1.0 0.0
vn -0.0 -1.0 0.0
vn 0.0 -1.0 0.0
vn 0.0 -1.0 0.0
vn 0.0 -1.0 0.0
vn 0.0 -1.0 0.0
vn 0.0 -1.0 0.0
vn 0.0 -1.0 0.0
vn 0.0 -1.0 0.0
vn 0.0 -1.0 0.0
vn 0.0 -1.0 0.0
vn 0.0 -1.0 0.0
vn 0.0 -1.0 0.0
vn 0.0 -1.0 0.0
vn -0.0 -1.0 0.0
vn 0.0 -1.0 0.0
vn -0.0 -1.0 0.0
vn 0.0 -1.0 0.0
vn 0.0 -1.0 0.0
vn -0.0 -1.0 0.0
vn 0.0 -1.0 0.0
vn 0.0 -1.0 0.0
vn -0.0 -1.0 0.0
vn 0.0 -1.0 0.0
vn 0.0 -1.0 0.0
vn 0.0 -1.0 0.0
vn 0.0 -1.0 0.0
vn 0.0 -1.0 0.0
vn 0.0 -1.0 0.0
vn -0.0 -1.0 0.0
vn 0.0 -1.0 0.0
vn 0.0 -1.0 0.0
vn 0.0 -1.0 0.0
vn 0.0 -1.0 0.0
vn 0.0 -1.0 0.0
vn 0.0 -1.0 0.0
vn 0.0 -1.0 0.0
vn 0.0 -1.0 0.0
vn 0.0 -1.0 0.0
vn 0.0 -1.0 0.0
vn 0.0 -1.0 0.0
vn 0.0 -1.0 0.0
vn 0.0 -1.0 0.0
vn 0.0 -1.0 0.0
vn 0.0 -1.0 0.0
vn 0.0 -1.0 0.0
vn 0.0 -1.0 0.0
vn 0.0 -1.0 0.0
vn 0.0 -1.0 0.0
vn 0.0 -1.0 0.0
vn 0.0 -1.0 0.0
vn 0.0 -1.0 0.0
vn 0.0 -1.0 0.0
vn 0.0 -1.0 0.0
vn 0.0 -1.0 0.0
vn 0.0 -1.0 0.0
vn 0.0 -1.0 0.0
vn 0.0 -1.0 0.0
vn 0.0 -1.0 0.0
vn 0.0 -1.0 0.0
vn 0.0 -1.0 0.0
vn 0.0 -1.0 0.0
vn 0.0 -1.0 0.0
vn 0.0 -1.0 0.0
vn 0.0 -1.0 0.0
vn 0.0 -1.0 0.0
vn 0.0 -1.0 0.0
vn 0.0 -1.0 0.0
vn 0.0 -1.0 0.0
vn 0.0 -1.0 0.0
vn 0.0 -1.0 0.0
vn 0.0 -1.0 0.0
vn 0.0 -1.0 0.0
vn 0.0 -1.0 0.0
vn -0.0 -1.0 0.0
vn -0.0 -1.0 0.0
vn 0.0 -1.0 0.0
vn 0.0 -1.0 0.0
vn 0.0 -1.0 0.0
vn 0.0 -1.0 0.0
vn 0.0 -1.0 0.0
vn -0.0 -1.0 0.0
vn 0.0 -1.0 0.0
vn 0.0 -1.0 0.0
vn 0.0 -1.0 0.0
vn 0.0 -1.0 0.0
vn 0.0 -1.0 0.0
vn 0.0 -1.0 0.0
vn 0.0 -1.0 0.0
vn 0.0 -1.0 0.0
vn 0.0 -1.0 0.0
vn 0.0 -1.0 0.0
vn 0.0 -1.0 0.0
vn 0.0 -1.0 0.0
vn 0.0 -1.0 0.0
vn 0.0 -1.0 0.0
vn 0.0 -1.0 0.0
vn 0.0 -1.0 0.0
vn 0.0 -1.0 0.0
vn 0.0 -1.0 0.0
vn 0.0 -1.0 0.0
vn 0.0 -1.0 0.0
vn 0.0 -1.0 0.0
vn 0.0 -1.0 0.0
vn 0.0 -1.0 0.0
vn 0.0 -1.0 0.0
vn 0.0 -1.0 0.0
vn 0.0 -1.0 0.0
vn 0.0 -1.0 0.0
vn 0.0 -1.0 0.0
vn 0.0 -1.0 0.0
vn 0.0 -1.0 0.0
vn 0.0 -1.0 0.0
vn 0.0 -1.0 0.0
vn 0.0 -1.0 0.0
vn 0.0 -1.0 0.0
vn 0.0 -1.0 0.0
vn 0.0 -1.0 0.0
vn 0.0 -1.0 0.0
vn 0.0 -1.0 0.0
vn 0.0 -1.0 0.0
vn 0.0 -1.0 0.0
vn 0.0 -1.0 0.0
vn 0.0 -1.0 0.0
vn 0.0 -1.0 0.0
vn 0.0 -1.0 0.0
vn 0.0 -1.0 0.0
vn 0.0 -1.0 0.0
vn 0.0 -1.0 0.0
vn 0.0 -1.0 0.0
vn 0.0 -1.0 0.0
vn 0.0 -1.0 0.0
vn 0.0 -1.0 0.0
vn 0.0 -1.0 0.0
vn 0.0 -1.0 0.0
vn 0.0 -1.0 0.0
vn 0.0 -1.0 0.0
vn 0.0 -1.0 0.0
vn 0.0 -1.0 0.0
vn 0.0 -1.0 0.0
vn 0.0 -1.0 0.0
vn 0.0 -1.0 0.0
vn 0.0 -1.0 0.0
vn 0.0 -1.0 0.0
vn 0.0 -1.0 0.0
vn 0.0 -1.0 0.0
vn 0.0 -1.0 0.0
vn 0.0 -1.0 0.0
vn 0.0 -1.0 0.0
vn 0.0 -1.0 0.0
vn 0.0 -1.0 0.0
vn -0.0 -1.0 -0.0
vn -0.0 -1.0 0.0
vn -0.0 -1.0 0.0
vn -0.0 -1.0 0.0
vn -0.0 -1.0 0.0
vn -0.0 -1.0 0.0
vn -0.0 -1.0 0.0
vn 0.0 -1.0 0.0
vn -0.0 -1.0 0.0
vn -0.0 -1.0 0.0
vn 0.0 -1.0 0.0
vn -0.0 -1.0 0.0
vn -0.0 -1.0 0.0
vn -0.0 -1.0 0.0
vn 0.0 -1.0 0.0
vn -0.0 -1.0 0.0
vn -0.0 -1.0 0.0
vn -0.0 -1.0 0.0
vn -0.0 -1.0 0.0
vn -0.0 -1.0 0.0
vn -0.0 -1.0 0.0
vn 0.0 -1.0 0.0
vn 0.0 -1.0 0.0
vn -0.0 -1.0 0.0
vn 0.0 -1.0 0.0
vn 0.0 -1.0 0.0
vn 0.0 -1.0 0.0
vn -0.0 -1.0 0.0
vn 0.0 -1.0 0.0
vn -0.0 -1.0 0.0
vn 0.0 -1.0 0.0
vn -0.0 -1.0 0.0
vn 0.0 -1.0 0.0
vn -0.0 -1.0 0.0
vn 0.0 -1.0 0.0
vn 0.0 -1.0 0.0
vn 0.0 -1.0 0.0
vn 0.0 -1.0 0.0
vn 0.0 -1.0 0.0
vn 0.0 -0.0 -1.0
vn 0.0 -0.0 -1.0
vn 0.0 -0.0 -1.0
vn -0.0 -0.0 -1.0
vn -0.0 -0.0 -1.0
vn 0.0 -0.0 -1.0
vn -0.998103 0.0 -0.061572
vn -0.998103 -0.0 -0.061572
vn -0.982976 -0.0 -0.183734
vn -0.982976 0.0 -0.183734
vn -0.952942 -0.0 -0.303151
vn -0.952942 0.0 -0.303151
vn -0.908462 -0.0 -0.417967
vn -0.850222 -0.0 -0.526424
vn -0.908462 0.0 -0.417967
vn -0.850222 -0.0 -0.526424
vn -0.779079 -0.0 -0.626925
vn -0.779079 0.0 -0.626925
vn -0.696137 -0.0 -0.717909
vn -0.696137 0.0 -0.717909
vn -0.602629 -0.0 -0.798022
vn -0.500005 -0.0 -0.866023
vn -0.602629 0.0 -0.798022
vn -0.500005 -0.0 -0.866023
vn -0.389771 -0.0 -0.920912
vn -0.389771 0.0 -0.920912
vn -0.273664 -0.0 -0.961825
vn -0.273664 0.0 -0.961825
vn -0.153395 -0.0 -0.988165
vn -0.153395 0.0 -0.988165
vn -0.030786 -0.0 -0.999526
vn -0.030786 0.0 -0.999526
vn 0.092245 0.0 -0.995736
vn 0.092245 0.0 -0.995736
vn 0.213953 0.0 -0.976844
vn 0.213953 0.0 -0.976844
vn 0.332338 0.0 -0.94316
vn 0.332338 0.0 -0.94316
vn 0.445748 0.0 -0.895158
vn 0.552358 0.0 -0.833607
vn 0.445748 0.0 -0.895158
vn 0.552358 0.0 -0.833607
vn 0.650622 0.0 -0.759402
vn 0.650622 0.0 -0.759402
vn 0.738998 0.0 -0.673708
vn 0.738998 0.0 -0.673708
vn 0.816198 0.0 -0.577772
vn 0.881018 0.0 -0.473083
vn 0.816198 0.0 -0.577772
vn 0.881018 0.0 -0.473083
vn 0.932475 0.0 -0.361234
vn 0.932475 0.0 -0.361234
vn 0.969794 0.0 -0.243927
vn 0.969794 0.0 -0.243927
vn 0.992421 0.0 -0.122887
vn 0.992421 0.0 -0.122887
vn 1.0 0.0 0.0
vn 1.0 0.0 -0.0
vn 0.99242 0.0 0.122891
vn 0.99242 0.0 0.122891
vn 0.969795 0.0 0.24392
vn 0.969795 0.0 0.24392
vn 0.932475 0.0 0.361234
vn 0.932475 0.0 0.361234
vn 0.881011 0.0 0.473095
vn 0.881011 0.0 0.473095
vn 0.816198 0.0 0.577772
vn 0.816198 0.0 0.577772
vn 0.738998 0.0 0.673708
vn 0.738998 0.0 0.673708
vn 0.650622 0.0 0.759402
vn 0.650622 0.0 0.759402
vn 0.552378 0.0 0.833594
vn 0.445726 0.0 0.895169
vn 0.552378 0.0 0.833594
vn 0.445726 0.0 0.895169
vn 0.332363 0.0 0.943151
vn 0.213926 0.0 0.97685
vn 0.332363 0.0 0.943151
vn 0.213926 0.0 0.97685
vn 0.092273 0.0 0.995734
vn 0.092273 0.0 0.995734
vn -0.030786 0.0 0.999526
vn -0.153395 0.0 0.988165
vn -0.030786 0.0 0.999526
vn -0.153395 0.0 0.988165
vn -0.273664 0.0 0.961825
vn -0.389795 0.0 0.920902
vn -0.273664 0.0 0.961825
vn -0.389795 0.0 0.920902
vn -0.500005 0.0 0.866023
vn -0.500005 0.0 0.866023
vn -0.602629 0.0 0.798022
vn -0.696137 0.0 0.717909
vn -0.602629 0.0 0.798022
vn -0.696137 0.0 0.717909
vn -0.779079 0.0 0.626925
vn -0.850214 0.0 0.526437
vn -0.779079 0.0 0.626925
vn -0.850214 0.0 0.526437
vn -0.908467 0.0 0.417956
vn -0.908467 0.0 0.417956
vn -0.95294 0.0 0.303159
vn -0.95294 0.0 0.303159
vn -0.982977 0.0 0.183729
vn -0.982977 0.0 0.183729
vn -0.998103 0.0 0.061572
vn -0.998103 0.0 0.061572
vn -0.998103 0.0 -0.061562
vn -0.998103 -0.0 -0.061562
vn -0.982974 -0.0 -0.183746
vn -0.982974 0.0 -0.183746
vn -0.952942 -0.0 -0.303153
vn -0.952942 0.0 -0.303153
vn -0.908463 -0.0 -0.417965
vn -0.850214 -0.0 -0.526438
vn -0.908463 0.0 -0.417965
vn -0.850214 -0.0 -0.526438
vn -0.779082 -0.0 -0.626922
vn -0.779082 0.0 -0.626922
vn -0.696141 -0.0 -0.717906
vn -0.696141 0.0 -0.717906
vn -0.602627 -0.0 -0.798023
vn -0.500005 -0.0 -0.866023
vn -0.602627 0.0 -0.798023
vn -0.500005 -0.0 -0.866023
vn -0.389774 -0.0 -0.920911
vn -0.389774 0.0 -0.920911
vn -0.273673 -0.0 -0.961823
vn -0.273673 0.0 -0.961823
vn -0.153396 -0.0 -0.988165
vn -0.153396 0.0 -0.988165
vn -0.030798 -0.0 -0.999526
vn -0.030798 0.0 -0.999526
vn 0.092268 0.0 -0.995734
vn 0.092268 0.0 -0.995734
vn 0.213938 0.0 -0.976847
vn 0.213938 0.0 -0.976847
vn 0.332355 0.0 -0.943154
vn 0.332355 0.0 -0.943154
vn 0.445726 0.0 -0.89517
vn 0.552367 0.0 -0.833601
vn 0.445726 0.0 -0.89517
vn 0.552367 0.0 -0.833601
vn 0.650613 0.0 -0.75941
vn 0.650613 0.0 -0.75941
vn 0.739008 0.0 -0.673696
vn 0.739008 0.0 -0.673696
vn 0.816205 0.0 -0.577763
vn 0.881016 0.0 -0.473087
vn 0.816205 0.0 -0.577763
vn 0.881016 0.0 -0.473087
vn 0.93247 0.0 -0.361248
vn 0.93247 0.0 -0.361248
vn 0.969797 0.0 -0.243913
vn 0.969797 0.0 -0.243913
vn 0.99242 0.0 -0.122894
vn 0.99242 0.0 -0.122894
vn 1.0 0.0 0.0
vn 1.0 0.0 -0.0
vn 0.99242 0.0 0.122894
vn 0.99242 0.0 0.122894
vn 0.969795 0.0 0.243921
vn 0.969795 0.0 0.243921
vn 0.932474 0.0 0.361238
vn 0.932474 0.0 0.361238
vn 0.881016 0.0 0.473087
vn 0.881016 0.0 0.473087
vn 0.816194 0.0 0.577777
vn 0.816194 0.0 0.577777
vn 0.739008 0.0 0.673696
vn 0.739008 0.0 0.673696
vn 0.650613 0.0 0.75941
vn 0.650613 0.0 0.75941
vn 0.552367 0.0 0.833601
vn 0.445751 0.0 0.895157
vn 0.552367 0.0 0.833601
vn 0.445751 0.0 0.895157
vn 0.332355 0.0 0.943154
vn 0.213908 0.0 0.976854
vn 0.332355 0.0 0.943154
vn 0.213908 0.0 0.976854
vn 0.092268 0.0 0.995734
vn 0.092268 0.0 0.995734
vn -0.030767 0.0 0.999527
vn -0.153396 0.0 0.988165
vn -0.030767 0.0 0.999527
vn -0.153396 0.0 0.988165
vn -0.273673 0.0 0.961823
vn -0.3898 0.0 0.920899
vn -0.273673 0.0 0.961823
vn -0.3898 0.0 0.920899
vn -0.499981 0.0 0.866036
vn -0.499981 0.0 0.866036
vn -0.602646 0.0 0.798008
vn -0.696124 0.0 0.717921
vn -0.602646 0.0 0.798008
vn -0.696124 0.0 0.717921
vn -0.779082 0.0 0.626922
vn -0.850222 0.0 0.526424
vn -0.779082 0.0 0.626922
vn -0.850222 0.0 0.526424
vn -0.908463 0.0 0.417965
vn -0.908463 0.0 0.417965
vn -0.952942 0.0 0.303153
vn -0.952942 0.0 0.303153
vn -0.982974 0.0 0.183746
vn -0.982974 0.0 0.183746
vn -0.998103 0.0 0.061564
vn -0.998103 0.0 0.061564
vn 0.0 1.0 0.0
vn 0.0 1.0 0.0
vn 0.0 1.0 0.0
vn 0.0 1.0 0.0
vn 0.0 1.0 0.0
vn 0.0 1.0 0.0
vn 0.0 1.0 0.0
vn 0.0 1.0 0.0
vn 0.0 1.0 0.0
vn 0.0 1.0 0.0
vn 0.0 1.0 0.0
vn 0.0 1.0 0.0
vn 0.0 1.0 0.0
vn 0.0 1.0 0.0
vn 0.0 1.0 0.0
vn 0.0 1.0 0.0
vn 0.0 1.0 0.0
vn 0.0 1.0 0.0
vn 0.0 1.0 0.0
vn 0.0 1.0 0.0
vn 0.0 1.0 0.0
vn 0.0 1.0 0.0
vn 0.0 1.0 0.0
vn 0.0 1.0 0.0
vn 0.0 1.0 0.0
vn 0.0 1.0 0.0
vn 0.0 1.0 0.0
vn 0.0 1.0 0.0
vn 0.0 1.0 0.0
vn 0.0 1.0 0.0
vn 0.0 1.0 0.0
vn 0.0 1.0 0.0
vn 0.0 1.0 0.0
vn 0.0 1.0 0.0
vn 0.0 1.0 0.0
vn 0.0 1.0 0.0
vn 0.0 1.0 0.0
vn 0.0 1.0 0.0
vn 0.0 1.0 0.0
vn 0.0 1.0 0.0
vn 0.0 1.0 0.0
vn 0.0 1.0 0.0
vn 0.0 1.0 0.0
vn 0.0 1.0 0.0
vn 0.0 1.0 0.0
vn 0.0 1.0 0.0
vn 0.0 1.0 0.0
vn 0.0 1.0 0.0
vn 0.0 1.0 0.0
vn 0.0 1.0 0.0
vn 0.0 1.0 0.0
vn 0.0 1.0 0.0
vn 0.0 1.0 0.0
vn 0.0 1.0 0.0
vn 0.0 1.0 0.0
vn 0.0 1.0 0.0
vn 0.0 1.0 0.0
vn 0.0 1.0 0.0
vn -0.998103 0.0 -0.061573
vn -0.998103 -0.0 -0.061573
vn -0.982977 -0.0 -0.183729
vn -0.982977 0.0 -0.183729
vn -0.952942 -0.0 -0.303151
vn -0.952942 0.0 -0.303151
vn -0.908462 -0.0 -0.417967
vn -0.908462 0.0 -0.417967
vn -0.850222 -0.0 -0.526424
vn -0.850222 0.0 -0.526424
vn -0.779068 -0.0 -0.626939
vn -0.779068 0.0 -0.626939
vn -0.696137 -0.0 -0.717909
vn -0.602647 -0.0 -0.798008
vn -0.696137 0.0 -0.717909
vn -0.602647 -0.0 -0.798008
vn -0.499983 -0.0 -0.866035
vn -0.499983 0.0 -0.866035
vn -0.389795 -0.0 -0.920902
vn -0.389795 0.0 -0.920902
vn -0.273664 -0.0 -0.961825
vn -0.273664 0.0 -0.961825
vn -0.153395 -0.0 -0.988165
vn -0.030786 -0.0 -0.999526
vn -0.153395 0.0 -0.988165
vn -0.030786 -0.0 -0.999526
vn 0.092273 0.0 -0.995734
vn 0.092273 0.0 -0.995734
vn 0.213926 0.0 -0.97685
vn 0.213926 0.0 -0.97685
vn 0.332363 0.0 -0.943151
vn 0.445726 0.0 -0.895169
vn 0.332363 0.0 -0.943151
vn 0.445726 0.0 -0.895169
vn 0.552358 0.0 -0.833607
vn 0.552358 0.0 -0.833607
vn 0.650622 0.0 -0.759402
vn 0.73901 0.0 -0.673694
vn 0.650622 0.0 -0.759402
vn 0.73901 0.0 -0.673694
vn 0.816189 0.0 -0.577785
vn 0.816189 0.0 -0.577785
vn 0.881018 0.0 -0.473083
vn 0.932475 0.0 -0.361234
vn 0.881018 0.0 -0.473083
vn 0.932475 0.0 -0.361234
vn 0.969795 0.0 -0.24392
vn 0.969795 0.0 -0.24392
vn 0.99242 0.0 -0.122891
vn 0.99242 0.0 -0.122891
vn 1.0 0.0 -0.0
vn 1.0 0.0 0.0
vn 0.99242 0.0 0.122891
vn 0.99242 0.0 0.122891
vn 0.969795 0.0 0.24392
vn 0.969795 0.0 0.24392
vn 0.932475 0.0 0.361234
vn 0.932475 0.0 0.361234
vn 0.881018 0.0 0.473083
vn 0.881018 0.0 0.473083
vn 0.816189 0.0 0.577785
vn 0.816189 0.0 0.577785
vn 0.738998 0.0 0.673708
vn 0.738998 0.0 0.673708
vn 0.650622 0.0 0.759402
vn 0.650622 0.0 0.759402
vn 0.552378 0.0 0.833594
vn 0.552378 0.0 0.833594
vn 0.445726 0.0 0.895169
vn 0.332363 0.0 0.943151
vn 0.445726 0.0 0.895169
vn 0.332363 0.0 0.943151
vn 0.213926 0.0 0.97685
vn 0.092273 0.0 0.995734
vn 0.213926 0.0 0.97685
vn 0.092273 0.0 0.995734
vn -0.030786 0.0 0.999526
vn -0.030786 0.0 0.999526
vn -0.153395 0.0 0.988165
vn -0.153395 0.0 0.988165
vn -0.273664 0.0 0.961825
vn -0.273664 0.0 0.961825
vn -0.389795 0.0 0.920902
vn -0.389795 0.0 0.920902
vn -0.499983 0.0 0.866035
vn -0.602647 0.0 0.798008
vn -0.499983 0.0 0.866035
vn -0.602647 0.0 0.798008
vn -0.696137 0.0 0.717909
vn -0.696137 0.0 0.717909
vn -0.779079 0.0 0.626925
vn -0.850214 0.0 0.526437
vn -0.779079 0.0 0.626925
vn -0.908467 0.0 0.417956
vn -0.850214 0.0 0.526437
vn -0.908467 0.0 0.417956
vn -0.95294 0.0 0.303159
vn -0.95294 0.0 0.303159
vn -0.982977 0.0 0.183729
vn -0.982977 0.0 0.183729
vn -0.998103 0.0 0.061572
vn -0.998103 0.0 0.061572
vn -0.998103 0.0 -0.061562
vn -0.998103 -0.0 -0.061562
vn -0.982974 -0.0 -0.183746
vn -0.982974 0.0 -0.183746
vn -0.952942 -0.0 -0.303153
vn -0.952942 0.0 -0.303153
vn -0.908463 -0.0 -0.417965
vn -0.908463 0.0 -0.417965
vn -0.850214 -0.0 -0.526438
vn -0.850214 0.0 -0.526438
vn -0.779082 -0.0 -0.626922
vn -0.779082 0.0 -0.626922
vn -0.696141 -0.0 -0.717906
vn -0.602627 -0.0 -0.798023
vn -0.696141 0.0 -0.717906
vn -0.602627 -0.0 -0.798023
vn -0.500005 -0.0 -0.866023
vn -0.500005 0.0 -0.866023
vn -0.389774 -0.0 -0.920911
vn -0.389774 0.0 -0.920911
vn -0.273673 -0.0 -0.961823
vn -0.273673 0.0 -0.961823
vn -0.153396 -0.0 -0.988165
vn -0.030798 -0.0 -0.999526
vn -0.153396 0.0 -0.988165
vn -0.030798 -0.0 -0.999526
vn 0.092268 0.0 -0.995734
vn 0.092268 0.0 -0.995734
vn 0.213938 0.0 -0.976847
vn 0.213938 0.0 -0.976847
vn 0.332355 0.0 -0.943154
vn 0.445726 0.0 -0.89517
vn 0.332355 0.0 -0.943154
vn 0.445726 0.0 -0.89517
vn 0.552367 0.0 -0.833601
vn 0.552367 0.0 -0.833601
vn 0.650613 0.0 -0.75941
vn 0.739008 0.0 -0.673696
vn 0.650613 0.0 -0.75941
vn 0.739008 0.0 -0.673696
vn 0.816205 0.0 -0.577763
vn 0.816205 0.0 -0.577763
vn 0.881016 0.0 -0.473087
vn 0.93247 0.0 -0.361248
vn 0.881016 0.0 -0.473087
vn 0.93247 0.0 -0.361248
vn 0.969797 0.0 -0.243913
vn 0.969797 0.0 -0.243913
vn 0.99242 0.0 -0.122894
vn 0.99242 0.0 -0.122894
vn 1.0 0.0 -0.0
vn 1.0 0.0 0.0
vn 0.99242 0.0 0.122894
vn 0.99242 0.0 0.122894
vn 0.969795 0.0 0.243921
vn 0.969795 0.0 0.243921
vn 0.932474 0.0 0.361238
vn 0.932474 0.0 0.361238
vn 0.881016 0.0 0.473087
vn 0.881016 0.0 0.473087
vn 0.816194 0.0 0.577777
vn 0.816194 0.0 0.577777
vn 0.739008 0.0 0.673696
vn 0.739008 0.0 0.673696
vn 0.650613 0.0 0.75941
vn 0.650613 0.0 0.75941
vn 0.552367 0.0 0.833601
vn 0.552367 0.0 0.833601
vn 0.445751 0.0 0.895157
vn 0.332355 0.0 0.943154
vn 0.445751 0.0 0.895157
vn 0.332355 0.0 0.943154
vn 0.213908 0.0 0.976854
vn 0.092268 0.0 0.995734
vn 0.213908 0.0 0.976854
vn 0.092268 0.0 0.995734
vn -0.030767 0.0 0.999527
vn -0.030767 0.0 0.999527
vn -0.153396 0.0 0.988165
vn -0.153396 0.0 0.988165
vn -0.273673 0.0 0.961823
vn -0.273673 0.0 0.961823
vn -0.3898 0.0 0.920899
vn -0.3898 0.0 0.920899
vn -0.499981 0.0 0.866036
vn -0.602646 0.0 0.798008
vn -0.499981 0.0 0.866036
vn -0.602646 0.0 0.798008
vn -0.696124 0.0 0.717921
vn -0.696124 0.0 0.717921
vn -0.779082 0.0 0.626922
vn -0.850222 0.0 0.526424
vn -0.779082 0.0 0.626922
vn -0.908463 0.0 0.417965
vn -0.850222 0.0 0.526424
vn -0.908463 0.0 0.417965
vn -0.952942 0.0 0.303153
vn -0.952942 0.0 0.303153
vn -0.982974 0.0 0.183746
vn -0.982974 0.0 0.183746
vn -0.998103 0.0 0.061564
vn -0.998103 0.0 0.061564
vn -0.998103 0.0 -0.061562
vn -0.998103 -0.0 -0.061562
vn -0.982974 -0.0 -0.183746
vn -0.982974 0.0 -0.183746
vn -0.952942 -0.0 -0.303153
vn -0.952942 0.0 -0.303153
vn -0.908463 -0.0 -0.417965
vn -0.850214 -0.0 -0.526438
vn -0.908463 0.0 -0.417965
vn -0.850214 -0.0 -0.526438
vn -0.779082 -0.0 -0.626922
vn -0.779082 0.0 -0.626922
vn -0.696141 -0.0 -0.717906
vn -0.696141 0.0 -0.717906
vn -0.602627 -0.0 -0.798023
vn -0.500005 -0.0 -0.866023
vn -0.602627 0.0 -0.798023
vn -0.500005 -0.0 -0.866023
vn -0.389774 -0.0 -0.920911
vn -0.389774 0.0 -0.920911
vn -0.273673 -0.0 -0.961823
vn -0.273673 0.0 -0.961823
vn -0.153396 -0.0 -0.988165
vn -0.153396 0.0 -0.988165
vn -0.030798 -0.0 -0.999526
vn -0.030798 0.0 -0.999526
vn 0.092268 0.0 -0.995734
vn 0.092268 0.0 -0.995734
vn 0.213938 0.0 -0.976847
vn 0.213938 0.0 -0.976847
vn 0.332355 0.0 -0.943154
vn 0.332355 0.0 -0.943154
vn 0.445726 0.0 -0.89517
vn 0.552367 0.0 -0.833601
vn 0.445726 0.0 -0.89517
vn 0.552367 0.0 -0.833601
vn 0.650613 0.0 -0.75941
vn 0.650613 0.0 -0.75941
vn 0.739008 0.0 -0.673696
vn 0.739008 0.0 -0.673696
vn 0.816205 0.0 -0.577763
vn 0.881016 0.0 -0.473087
vn 0.816205 0.0 -0.577763
vn 0.881016 0.0 -0.473087
vn 0.93247 0.0 -0.361248
vn 0.93247 0.0 -0.361248
vn 0.969797 0.0 -0.243913
vn 0.969797 0.0 -0.243913
vn 0.99242 0.0 -0.122894
vn 0.99242 0.0 -0.122894
vn 1.0 0.0 0.0
vn 1.0 0.0 -0.0
vn 0.99242 0.0 0.122894
vn 0.99242 0.0 0.122894
vn 0.969795 0.0 0.243921
vn 0.969795 0.0 0.243921
vn 0.932474 0.0 0.361238
vn 0.932474 0.0 0.361238
vn 0.881016 0.0 0.473087
vn 0.881016 0.0 0.473087
vn 0.816194 0.0 0.577777
vn 0.816194 0.0 0.577777
vn 0.739008 0.0 0.673696
vn 0.739008 0.0 0.673696
vn 0.650613 0.0 0.75941
vn 0.650613 0.0 0.75941
vn 0.552367 0.0 0.833601
vn 0.445751 0.0 0.895157
vn 0.552367 0.0 0.833601
vn 0.445751 0.0 0.895157
vn 0.332355 0.0 0.943154
vn 0.213908 0.0 0.976854
vn 0.332355 0.0 0.943154
vn 0.213908 0.0 0.976854
vn 0.092268 0.0 0.995734
vn 0.092268 0.0 0.995734
vn -0.030767 0.0 0.999527
vn -0.153396 0.0 0.988165
vn -0.030767 0.0 0.999527
vn -0.153396 0.0 0.988165
vn -0.273673 0.0 0.961823
vn -0.3898 0.0 0.920899
vn -0.273673 0.0 0.961823
vn -0.3898 0.0 0.920899
vn -0.499981 0.0 0.866036
vn -0.499981 0.0 0.866036
vn -0.602646 0.0 0.798008
vn -0.696124 0.0 0.717921
vn -0.602646 0.0 0.798008
vn -0.696124 0.0 0.717921
vn -0.779082 0.0 0.626922
vn -0.850222 0.0 0.526424
vn -0.779082 0.0 0.626922
vn -0.850222 0.0 0.526424
vn -0.908463 0.0 0.417965
vn -0.908463 0.0 0.417965
vn -0.952942 0.0 0.303153
vn -0.952942 0.0 0.303153
vn -0.982974 0.0 0.183746
vn -0.982974 0.0 0.183746
vn -0.998103 0.0 0.061564
vn -0.998103 0.0 0.061564
vn -0.998103 0.0 -0.061572
vn -0.998103 -0.0 -0.061572
vn -0.982971 -0.0 -0.183761
vn -0.982971 0.0 -0.183761
vn -0.952951 -0.0 -0.303126
vn -0.952951 0.0 -0.303126
vn -0.908462 -0.0 -0.417967
vn -0.850222 -0.0 -0.526424
vn -0.908462 0.0 -0.417967
vn -0.850222 -0.0 -0.526424
vn -0.779079 -0.0 -0.626925
vn -0.779079 0.0 -0.626925
vn -0.696137 -0.0 -0.717909
vn -0.696137 0.0 -0.717909
vn -0.602615 -0.0 -0.798032
vn -0.500017 -0.0 -0.866016
vn -0.602615 0.0 -0.798032
vn -0.500017 -0.0 -0.866016
vn -0.389771 -0.0 -0.920912
vn -0.389771 0.0 -0.920912
vn -0.273664 -0.0 -0.961825
vn -0.273664 0.0 -0.961825
vn -0.153395 -0.0 -0.988165
vn -0.153395 0.0 -0.988165
vn -0.030785 -0.0 -0.999526
vn -0.030785 0.0 -0.999526
vn 0.092247 0.0 -0.995736
vn 0.092247 0.0 -0.995736
vn 0.213947 0.0 -0.976845
vn 0.213947 0.0 -0.976845
vn 0.332338 0.0 -0.94316
vn 0.332338 0.0 -0.94316
vn 0.44576 0.0 -0.895153
vn 0.552358 0.0 -0.833607
vn 0.44576 0.0 -0.895153
vn 0.552358 0.0 -0.833607
vn 0.650608 0.0 -0.759414
vn 0.650608 0.0 -0.759414
vn 0.739012 0.0 -0.673693
vn 0.739012 0.0 -0.673693
vn 0.816198 0.0 -0.577772
vn 0.881018 0.0 -0.473083
vn 0.816198 0.0 -0.577772
vn 0.881018 0.0 -0.473083
vn 0.932475 0.0 -0.361234
vn 0.932475 0.0 -0.361234
vn 0.969794 0.0 -0.243927
vn 0.969794 0.0 -0.243927
vn 0.992421 0.0 -0.122887
vn 0.992421 0.0 -0.122887
vn 1.0 0.0 0.0
vn 1.0 0.0 -0.0
vn 0.99242 0.0 0.122891
vn 0.99242 0.0 0.122891
vn 0.969795 0.0 0.24392
vn 0.969795 0.0 0.24392
vn 0.932475 0.0 0.361234
vn 0.932475 0.0 0.361234
vn 0.881011 0.0 0.473095
vn 0.881011 0.0 0.473095
vn 0.816198 0.0 0.577772
vn 0.816198 0.0 0.577772
vn 0.739012 0.0 0.673693
vn 0.739012 0.0 0.673693
vn 0.650608 0.0 0.759414
vn 0.650608 0.0 0.759414
vn 0.552378 0.0 0.833594
vn 0.445737 0.0 0.895164
vn 0.552378 0.0 0.833594
vn 0.445737 0.0 0.895164
vn 0.332363 0.0 0.943151
vn 0.21392 0.0 0.976851
vn 0.332363 0.0 0.943151
vn 0.21392 0.0 0.976851
vn 0.092275 0.0 0.995734
vn 0.092275 0.0 0.995734
vn -0.030785 0.0 0.999526
vn -0.153395 0.0 0.988165
vn -0.030785 0.0 0.999526
vn -0.153395 0.0 0.988165
vn -0.273664 0.0 0.961825
vn -0.389795 0.0 0.920902
vn -0.273664 0.0 0.961825
vn -0.389795 0.0 0.920902
vn -0.500017 0.0 0.866016
vn -0.500017 0.0 0.866016
vn -0.602615 0.0 0.798032
vn -0.696137 0.0 0.717909
vn -0.602615 0.0 0.798032
vn -0.696137 0.0 0.717909
vn -0.779079 0.0 0.626925
vn -0.850214 0.0 0.526437
vn -0.779079 0.0 0.626925
vn -0.850214 0.0 0.526437
vn -0.908467 0.0 0.417956
vn -0.908467 0.0 0.417956
vn -0.952948 0.0 0.303134
vn -0.952948 0.0 0.303134
vn -0.982972 0.0 0.183756
vn -0.982972 0.0 0.183756
vn -0.998103 0.0 0.061572
vn -0.998103 0.0 0.061572
vn 0.0 1.0 0.0
vn 0.0 1.0 0.0
vn 0.0 1.0 0.0
vn 0.0 1.0 0.0
vn 0.0 1.0 0.0
vn 0.0 1.0 0.0
vn 0.0 1.0 0.0
vn 0.0 1.0 0.0
vn 0.0 1.0 0.0
vn 0.0 1.0 0.0
vn 0.0 1.0 0.0
vn 0.0 1.0 0.0
vn 0.0 1.0 0.0
vn 0.0 1.0 0.0
vn 0.0 1.0 0.0
vn 0.0 1.0 0.0
vn 0.0 1.0 0.0
vn 0.0 1.0 0.0
vn 0.0 1.0 0.0
vn 0.0 1.0 0.0
vn 0.0 1.0 0.0
vn 0.0 1.0 0.0
vn 0.0 1.0 0.0
vn 0.0 1.0 0.0
vn 0.0 1.0 0.0
vn 0.0 1.0 0.0
vn 0.0 1.0 0.0
vn 0.0 1.0 0.0
vn 0.0 1.0 0.0
vn 0.0 1.0 0.0
vn 0.0 1.0 0.0
vn 0.0 1.0 0.0
vn 0.0 1.0 0.0
vn 0.0 1.0 0.0
vn 0.0 1.0 0.0
vn 0.0 1.0 0.0
vn 0.0 1.0 0.0
vn 0.0 1.0 0.0
vn 0.0 1.0 0.0
vn 0.0 1.0 0.0
vn 0.0 1.0 0.0
vn 0.0 1.0 0.0
vn 0.0 1.0 0.0
vn 0.0 1.0 0.0
vn 0.0 1.0 0.0
vn 0.0 1.0 0.0
vn 0.0 1.0 0.0
vn 0.0 1.0 0.0
vn 0.0 1.0 0.0
vn 0.0 1.0 0.0
vn 0.0 1.0 0.0
vn 0.0 1.0 0.0
vn 0.0 1.0 0.0
vn 0.0 1.0 0.0
vn 0.0 1.0 0.0
vn 0.0 1.0 0.0
vn 0.0 1.0 0.0
vn 0.0 1.0 0.0
vn -0.998103 0.0 -0.061562
vn -0.998103 -0.0 -0.061562
vn -0.982974 -0.0 -0.183746
vn -0.982974 0.0 -0.183746
vn -0.952942 -0.0 -0.303153
vn -0.952942 0.0 -0.303153
vn -0.908463 -0.0 -0.417965
vn -0.908463 0.0 -0.417965
vn -0.850214 -0.0 -0.526438
vn -0.850214 0.0 -0.526438
vn -0.779082 -0.0 -0.626922
vn -0.779082 0.0 -0.626922
vn -0.696141 -0.0 -0.717906
vn -0.602627 -0.0 -0.798023
vn -0.696141 0.0 -0.717906
vn -0.602627 -0.0 -0.798023
vn -0.500005 -0.0 -0.866023
vn -0.500005 0.0 -0.866023
vn -0.389774 -0.0 -0.920911
vn -0.389774 0.0 -0.920911
vn -0.273673 -0.0 -0.961823
vn -0.273673 0.0 -0.961823
vn -0.153396 -0.0 -0.988165
vn -0.030798 -0.0 -0.999526
vn -0.153396 0.0 -0.988165
vn -0.030798 -0.0 -0.999526
vn 0.092268 0.0 -0.995734
vn 0.092268 0.0 -0.995734
vn 0.213938 0.0 -0.976847
vn 0.213938 0.0 -0.976847
vn 0.332355 0.0 -0.943154
vn 0.445726 0.0 -0.89517
vn 0.332355 0.0 -0.943154
vn 0.445726 0.0 -0.89517
vn 0.552367 0.0 -0.833601
vn 0.552367 0.0 -0.833601
vn 0.650613 0.0 -0.75941
vn 0.739008 0.0 -0.673696
vn 0.650613 0.0 -0.75941
vn 0.739008 0.0 -0.673696
vn 0.816205 0.0 -0.577763
vn 0.816205 0.0 -0.577763
vn 0.881016 0.0 -0.473087
vn 0.93247 0.0 -0.361248
vn 0.881016 0.0 -0.473087
vn 0.93247 0.0 -0.361248
vn 0.969797 0.0 -0.243913
vn 0.969797 0.0 -0.243913
vn 0.99242 0.0 -0.122894
vn 0.99242 0.0 -0.122894
vn 1.0 0.0 -0.0
vn 1.0 0.0 0.0
vn 0.99242 0.0 0.122894
vn 0.99242 0.0 0.122894
vn 0.969795 0.0 0.243921
vn 0.969795 0.0 0.243921
vn 0.932474 0.0 0.361238
vn 0.932474 0.0 0.361238
vn 0.881016 0.0 0.473087
vn 0.881016 0.0 0.473087
vn 0.816194 0.0 0.577777
vn 0.816194 0.0 0.577777
vn 0.739008 0.0 0.673696
vn 0.739008 0.0 0.673696
vn 0.650613 0.0 0.75941
vn 0.650613 0.0 0.75941
vn 0.552367 0.0 0.833601
vn 0.552367 0.0 0.833601
vn 0.445751 0.0 0.895157
vn 0.332355 0.0 0.943154
vn 0.445751 0.0 0.895157
vn 0.332355 0.0 0.943154
vn 0.213908 0.0 0.976854
vn 0.092268 0.0 0.995734
vn 0.213908 0.0 0.976854
vn 0.092268 0.0 0.995734
vn -0.030767 0.0 0.999527
vn -0.030767 0.0 0.999527
vn -0.153396 0.0 0.988165
vn -0.153396 0.0 0.988165
vn -0.273673 0.0 0.961823
vn -0.273673 0.0 0.961823
vn -0.3898 0.0 0.920899
vn -0.3898 0.0 0.920899
vn -0.499981 0.0 0.866036
vn -0.602646 0.0 0.798008
vn -0.499981 0.0 0.866036
vn -0.602646 0.0 0.798008
vn -0.696124 0.0 0.717921
vn -0.696124 0.0 0.717921
vn -0.779082 0.0 0.626922
vn -0.850222 0.0 0.526424
vn -0.779082 0.0 0.626922
vn -0.908463 0.0 0.417965
vn -0.850222 0.0 0.526424
vn -0.908463 0.0 0.417965
vn -0.952942 0.0 0.303153
vn -0.952942 0.0 0.303153
vn -0.982974 0.0 0.183746
vn -0.982974 0.0 0.183746
vn -0.998103 0.0 0.061564
vn -0.998103 0.0 0.061564
vn -0.998103 0.0 -0.061573
vn -0.998103 -0.0 -0.061573
vn -0.982972 -0.0 -0.183756
vn -0.982972 0.0 -0.183756
vn -0.952951 -0.0 -0.303126
vn -0.952951 0.0 -0.303126
vn -0.908462 -0.0 -0.417967
vn -0.908462 0.0 -0.417967
vn -0.850222 -0.0 -0.526424
vn -0.850222 0.0 -0.526424
vn -0.779068 -0.0 -0.626939
vn -0.779068 0.0 -0.626939
vn -0.696137 -0.0 -0.717909
vn -0.602633 -0.0 -0.798018
vn -0.696137 0.0 -0.717909
vn -0.602633 -0.0 -0.798018
vn -0.499996 -0.0 -0.866028
vn -0.499996 0.0 -0.866028
vn -0.389795 -0.0 -0.920902
vn -0.389795 0.0 -0.920902
vn -0.273664 -0.0 -0.961825
vn -0.273664 0.0 -0.961825
vn -0.153395 -0.0 -0.988165
vn -0.030785 -0.0 -0.999526
vn -0.153395 0.0 -0.988165
vn -0.030785 -0.0 -0.999526
vn 0.092275 0.0 -0.995734
vn 0.092275 0.0 -0.995734
vn 0.21392 0.0 -0.976851
vn 0.21392 0.0 -0.976851
vn 0.332363 0.0 -0.943151
vn 0.445737 0.0 -0.895164
vn 0.332363 0.0 -0.943151
vn 0.445737 0.0 -0.895164
vn 0.552358 0.0 -0.833607
vn 0.552358 0.0 -0.833607
vn 0.650608 0.0 -0.759414
vn 0.739024 0.0 -0.673679
vn 0.650608 0.0 -0.759414
vn 0.739024 0.0 -0.673679
vn 0.816189 0.0 -0.577785
vn 0.816189 0.0 -0.577785
vn 0.881018 0.0 -0.473083
vn 0.932475 0.0 -0.361234
vn 0.881018 0.0 -0.473083
vn 0.932475 0.0 -0.361234
vn 0.969795 0.0 -0.24392
vn 0.969795 0.0 -0.24392
vn 0.99242 0.0 -0.122891
vn 0.99242 0.0 -0.122891
vn 1.0 0.0 -0.0
vn 1.0 0.0 0.0
vn 0.99242 0.0 0.122891
vn 0.99242 0.0 0.122891
vn 0.969795 0.0 0.24392
vn 0.969795 0.0 0.24392
vn 0.932475 0.0 0.361234
vn 0.932475 0.0 0.361234
vn 0.881018 0.0 0.473083
vn 0.881018 0.0 0.473083
vn 0.816189 0.0 0.577785
vn 0.816189 0.0 0.577785
vn 0.739012 0.0 0.673693
vn 0.739012 0.0 0.673693
vn 0.650608 0.0 0.759414
vn 0.650608 0.0 0.759414
vn 0.552378 0.0 0.833594
vn 0.552378 0.0 0.833594
vn 0.445737 0.0 0.895164
vn 0.332363 0.0 0.943151
vn 0.445737 0.0 0.895164
vn 0.332363 0.0 0.943151
vn 0.21392 0.0 0.976851
vn 0.092275 0.0 0.995734
vn 0.21392 0.0 0.976851
vn 0.092275 0.0 0.995734
vn -0.030785 0.0 0.999526
vn -0.030785 0.0 0.999526
vn -0.153395 0.0 0.988165
vn -0.153395 0.0 0.988165
vn -0.273664 0.0 0.961825
vn -0.273664 0.0 0.961825
vn -0.389795 0.0 0.920902
vn -0.389795 0.0 0.920902
vn -0.499996 0.0 0.866028
vn -0.602633 0.0 0.798018
vn -0.499996 0.0 0.866028
vn -0.602633 0.0 0.798018
vn -0.696137 0.0 0.717909
vn -0.696137 0.0 0.717909
vn -0.779079 0.0 0.626925
vn -0.850214 0.0 0.526437
vn -0.779079 0.0 0.626925
vn -0.908467 0.0 0.417956
vn -0.850214 0.0 0.526437
vn -0.908467 0.0 0.417956
vn -0.952948 0.0 0.303134
vn -0.952948 0.0 0.303134
vn -0.982972 0.0 0.183756
vn -0.982972 0.0 0.183756
vn -0.998103 0.0 0.061572
vn -0.998103 0.0 0.061572
vn -0.998175 0.0 -0.060385
vn -0.983621 0.0 -0.18025
vn -0.998175 0.0 -0.060385
vn -0.954723 0.0 -0.297497
vn -0.983621 0.0 -0.18025
vn -0.911897 0.0 -0.410419
vn -0.954723 0.0 -0.297497
vn -0.855785 0.0 -0.517331
vn -0.911897 0.0 -0.410419
vn -0.787184 0.0 -0.616718
vn -0.855785 0.0 -0.517331
vn -0.707107 0.0 -0.707107
vn -0.787184 0.0 -0.616718
vn -0.616713 0.0 -0.787188
vn -0.707107 0.0 -0.707107
vn -0.517346 0.0 -0.855776
vn -0.616713 0.0 -0.787188
vn -0.4104 0.0 -0.911906
vn -0.517346 0.0 -0.855776
vn -0.297514 -1e-06 -0.954718
vn -0.410413 -1e-06 -0.9119
vn -0.297499 0.0 -0.954722
vn -0.180252 0.0 -0.983621
vn -0.180252 0.0 -0.983621
vn -0.060384 0.0 -0.998175
vn -0.060384 0.0 -0.998175
vn 0.060384 0.0 -0.998175
vn 0.180253 0.0 -0.98362
vn 0.060384 0.0 -0.998175
vn 0.297497 -0.0 -0.954723
vn 0.180252 -0.0 -0.983621
vn 0.410416 0.0 -0.911898
vn 0.297499 0.0 -0.954722
vn 0.517343 -0.0 -0.855778
vn 0.410413 -0.0 -0.9119
vn 0.616717 0.0 -0.787185
vn 0.517346 0.0 -0.855776
vn 0.707107 -0.0 -0.707107
vn 0.616713 -0.0 -0.787188
vn 0.787184 0.0 -0.616718
vn 0.707111 0.0 -0.707103
vn 0.855777 0.0 -0.517344
vn 0.787184 0.0 -0.616718
vn 0.9119 0.0 -0.410413
vn 0.855777 0.0 -0.517344
vn 0.954723 0.0 -0.297497
vn 0.9119 0.0 -0.410413
vn 0.983619 0.0 -0.180261
vn 0.954723 0.0 -0.297497
vn 0.998176 0.0 -0.060376
vn 0.983619 0.0 -0.180261
vn 0.998176 0.0 -0.060376
vn -1.0 0.0 -0.0
vn -1.0 -0.0 0.0
vn 0.998871 0.0 0.047512
vn 0.998629 -0.000223 0.052337
vn 0.98985 0.0002 0.142113
vn 0.987688 -0.000401 0.156435
vn 0.971892 0.000355 0.235426
vn 0.965926 -0.000533 0.258817
vn 0.94429 0.000503 0.329113
vn 0.933579 -0.00082 0.35837
vn 0.945158 0.0 0.326615
vn 0.908592 0.000777 0.417684
vn 0.891007 -0.000846 0.45399
vn 0.861702 0.0008 0.507414
vn 0.83867 -0.000865 0.544638
vn 0.805979 0.000815 0.591944
vn 0.777145 -0.000876 0.629321
vn 0.741996 0.000822 0.670404
vn 0.707108 -0.00088 0.707105
vn 0.670404 0.000822 0.741996
vn 0.62932 -0.000876 0.777146
vn 0.591944 0.000815 0.805979
vn 0.54464 -0.000865 0.83867
vn 0.507415 0.0008 0.861702
vn 0.453988 -0.000846 0.891008
vn 0.358372 -0.00082 0.933579
vn 0.417682 0.000777 0.908593
vn 0.357103 0.0 0.934065
vn 0.328774 0.000518 0.944409
vn 0.258817 -0.000629 0.965926
vn 0.328776 -0.001819 0.944406
vn 0.328773 -0.001819 0.944407
vn 0.300143 0.0 0.953894
vn 0.239118 0.00042 0.97099
vn 0.156435 -0.000462 0.987688
vn 0.052334 -0.000252 0.99863
vn 0.14437 0.000231 0.989524
vn 0.048272 0.0 0.998834
vn -0.052334 -0.000252 0.99863
vn -0.048272 0.0 0.998834
vn -0.156435 -0.000462 0.987688
vn -0.144369 0.000231 0.989524
vn -0.258817 -0.000629 0.965926
vn -0.239118 0.00042 0.97099
vn -0.30014 0.0 0.953895
vn -0.358373 -0.00082 0.933578
vn -0.328771 -0.00182 0.944408
vn -0.328772 0.000518 0.944409
vn -0.328773 -0.001819 0.944407
vn -0.357103 0.0 0.934065
vn -0.453988 -0.000846 0.891008
vn -0.417686 0.000777 0.908591
vn -0.544638 -0.000865 0.838671
vn -0.507412 0.0008 0.861703
vn -0.629321 -0.000876 0.777145
vn -0.591944 0.000815 0.805979
vn -0.707107 -0.00088 0.707107
vn -0.670408 0.000822 0.741992
vn -0.777145 -0.000876 0.629321
vn -0.741992 0.000822 0.670408
vn -0.83867 -0.000865 0.544638
vn -0.805981 0.000815 0.59194
vn -0.891008 -0.000846 0.453988
vn -0.861701 0.0008 0.507416
vn -0.93358 -0.00082 0.358368
vn -0.908593 0.000777 0.417681
vn -0.965925 -0.000533 0.258822
vn -0.945157 0.0 0.326617
vn -0.94429 0.000502 0.329114
vn -0.987688 -0.000401 0.156435
vn -0.971893 0.000356 0.235423
vn -0.99863 -0.000223 0.052334
vn -0.98985 0.0002 0.142113
vn -0.998871 0.0 0.047512
vn -0.99863 -0.000223 -0.052334
vn -0.998871 -0.0 -0.047513
vn -0.987688 -0.000401 -0.156435
vn -0.989851 0.0002 -0.142113
vn -0.971893 0.000356 -0.235423
vn -0.965925 -0.000533 -0.258822
vn -0.94429 0.000502 -0.329114
vn -0.933581 -0.00082 -0.358366
vn -0.945157 0.0 -0.326617
vn -0.908593 0.000777 -0.417681
vn -0.891008 -0.000846 -0.453988
vn -0.861701 0.0008 -0.507416
vn -0.838669 -0.000865 -0.544641
vn -0.805979 0.000815 -0.591944
vn -0.777147 -0.000876 -0.629319
vn -0.741994 0.000823 -0.670406
vn -0.707104 -0.00088 -0.707109
vn -0.629321 -0.000877 -0.777145
vn -0.670406 0.000822 -0.741994
vn -0.544638 -0.000865 -0.838671
vn -0.59194 0.000815 -0.805981
vn -0.453992 -0.000846 -0.891006
vn -0.507416 0.0008 -0.861701
vn -0.358368 -0.000819 -0.93358
vn -0.417681 0.000777 -0.908593
vn -0.357103 -0.0 -0.934065
vn -0.258817 -0.000629 -0.965926
vn -0.32877 0.000518 -0.94441
vn -0.32877 -0.00182 -0.944408
vn -0.328779 -0.001821 -0.944405
vn -0.300129 0.0 -0.953899
vn -0.156435 -0.000462 -0.987688
vn -0.239123 0.000419 -0.970989
vn -0.052339 -0.000253 -0.998629
vn -0.144369 0.000231 -0.989524
vn -0.048272 0.0 -0.998834
vn 0.052339 -0.000253 -0.998629
vn 0.048272 0.0 -0.998834
vn 0.156435 -0.000462 -0.987688
vn 0.14437 0.000231 -0.989524
vn 0.258817 -0.000629 -0.965926
vn 0.239123 0.000419 -0.970989
vn 0.300127 0.0 -0.953899
vn 0.358367 -0.00082 -0.93358
vn 0.328768 -0.00182 -0.944409
vn 0.328768 0.000518 -0.94441
vn 0.328776 -0.001819 -0.944406
vn 0.357103 0.0 -0.934065
vn 0.453992 -0.000846 -0.891006
vn 0.417687 0.000777 -0.908591
vn 0.54464 -0.000865 -0.83867
vn 0.507411 0.0008 -0.861704
vn 0.62932 -0.000877 -0.777146
vn 0.591944 0.000815 -0.805979
vn 0.707105 -0.00088 -0.707108
vn 0.670407 0.000822 -0.741993
vn 0.777147 -0.000876 -0.629319
vn 0.741993 0.000822 -0.670407
vn 0.805979 0.000815 -0.591944
vn 0.838669 -0.000865 -0.544641
vn 0.861702 0.0008 -0.507414
vn 0.891007 -0.000846 -0.45399
vn 0.908592 0.000777 -0.417684
vn 0.93358 -0.00082 -0.358369
vn 0.945158 0.0 -0.326615
vn 0.944291 0.000502 -0.329113
vn 0.965926 -0.000533 -0.258817
vn 0.971892 0.000355 -0.235426
vn 0.987688 -0.000401 -0.156435
vn 0.989851 0.0002 -0.142113
vn 0.998629 -0.000223 -0.052337
vn 0.998871 0.0 -0.047513
vn 0.0 0.0 -1.0
vn 0.0 0.0 -1.0
vn -1.0 -0.0 -0.0
vn -1.0 0.0 0.0
vn -1.0 -0.0 -0.0
vn -1.0 0.0 0.0
vn 0.0 0.0 1.0
vn 0.0 0.0 1.0
vn -1.0 -0.0 -0.0
vn -1.0 0.0 0.0
vn 0.998176 0.0 0.060376
vn 0.998176 0.0 0.060376
vn 0.983619 0.0 0.180258
vn 0.983619 0.0 0.180258
vn 0.954721 0.0 0.297501
vn 0.954721 0.0 0.297501
vn 0.9119 0.0 0.410413
vn 0.9119 0.0 0.410413
vn 0.855782 0.0 0.517337
vn 0.855782 0.0 0.517337
vn 0.787184 1e-06 0.616718
vn 0.787178 0.0 0.616726
vn 0.707099 -0.0 0.707115
vn 0.707111 1e-06 0.707103
vn 0.616727 0.0 0.787177
vn 0.616723 -0.0 0.78718
vn 0.517331 -0.0 0.855785
vn 0.517335 0.0 0.855783
vn 0.410416 0.0 0.911898
vn 0.410413 -0.0 0.9119
vn 0.297497 -0.0 0.954723
vn 0.297499 0.0 0.954722
vn 0.180267 -0.0 0.983618
vn 0.180268 0.0 0.983617
vn 0.060368 0.0 0.998176
vn 0.060368 0.0 0.998176
vn -0.060368 0.0 0.998176
vn -0.060368 0.0 0.998176
vn -0.180267 0.0 0.983618
vn -0.180267 0.0 0.983618
vn -0.297499 0.0 0.954722
vn -0.297499 0.0 0.954722
vn -0.410413 0.0 0.9119
vn -0.410413 0.0 0.9119
vn -0.517335 0.0 0.855783
vn -0.517335 0.0 0.855783
vn -0.616723 0.0 0.78718
vn -0.616723 0.0 0.78718
vn -0.707107 0.0 0.707107
vn -0.707107 0.0 0.707107
vn -0.787178 0.0 0.616726
vn -0.787178 0.0 0.616726
vn -0.855785 0.0 0.517331
vn -0.855785 0.0 0.517331
vn -0.9119 0.0 0.410413
vn -0.9119 0.0 0.410413
vn -0.954723 0.0 0.297497
vn -0.954723 0.0 0.297497
vn -0.98362 0.0 0.180253
vn -0.98362 0.0 0.180253
vn -0.998175 0.0 0.060384
vn -0.998175 0.0 0.060384
vn 0.998175 -0.0 0.060384
vn 0.98362 -0.0 0.180253
vn 0.998175 0.0 0.060384
vn 0.954723 -0.0 0.297497
vn 0.98362 0.0 0.180253
vn 0.9119 -0.0 0.410413
vn 0.954723 0.0 0.297497
vn 0.855785 -0.0 0.517331
vn 0.9119 0.0 0.410413
vn 0.787178 -0.0 0.616726
vn 0.855785 0.0 0.517331
vn 0.707107 -0.0 0.707107
vn 0.787178 0.0 0.616726
vn 0.616723 -0.0 0.78718
vn 0.707107 0.0 0.707107
vn 0.517335 -0.0 0.855783
vn 0.616723 0.0 0.78718
vn 0.410413 -0.0 0.9119
vn 0.517335 0.0 0.855783
vn 0.297499 -0.0 0.954722
vn 0.410413 0.0 0.9119
vn 0.297499 0.0 0.954722
vn 0.180267 -0.0 0.983618
vn 0.180267 0.0 0.983618
vn 0.060368 -0.0 0.998176
vn 0.060368 0.0 0.998176
vn -0.060368 0.0 0.998176
vn -0.180268 0.0 0.983617
vn -0.060368 0.0 0.998176
vn -0.297497 -0.0 0.954723
vn -0.180267 -0.0 0.983618
vn -0.410416 0.0 0.911898
vn -0.297499 0.0 0.954722
vn -0.517331 -0.0 0.855785
vn -0.410413 -0.0 0.9119
vn -0.616727 0.0 0.787177
vn -0.517335 0.0 0.855783
vn -0.707099 -0.0 0.707115
vn -0.616723 -0.0 0.78718
vn -0.787184 1e-06 0.616718
vn -0.707111 1e-06 0.707103
vn -0.855782 0.0 0.517337
vn -0.787178 0.0 0.616726
vn -0.9119 0.0 0.410413
vn -0.855782 0.0 0.517337
vn -0.954721 0.0 0.297501
vn -0.9119 0.0 0.410413
vn -0.983619 0.0 0.180258
vn -0.954721 0.0 0.297501
vn -0.998176 0.0 0.060376
vn -0.983619 0.0 0.180258
vn -0.998176 0.0 0.060376
vn 1.0 0.0 -0.0
vn 1.0 0.0 0.0
vn 0.998871 0.0 0.047512
vn 0.99863 -0.000223 0.052334
vn 0.98985 0.0002 0.142113
vn 0.987688 -0.000401 0.156435
vn 0.971893 0.000356 0.235423
vn 0.965925 -0.000533 0.258822
vn 0.94429 0.000502 0.329114
vn 0.93358 -0.00082 0.358368
vn 0.945157 0.0 0.326617
vn 0.908593 0.000777 0.417681
vn 0.891008 -0.000846 0.453988
vn 0.861701 0.0008 0.507416
vn 0.83867 -0.000865 0.544638
vn 0.805981 0.000815 0.59194
vn 0.777145 -0.000876 0.629321
vn 0.741992 0.000822 0.670408
vn 0.707107 -0.00088 0.707107
vn 0.670408 0.000822 0.741992
vn 0.629321 -0.000876 0.777145
vn 0.591944 0.000815 0.805979
vn 0.544638 -0.000865 0.838671
vn 0.507412 0.0008 0.861703
vn 0.453988 -0.000846 0.891008
vn 0.358373 -0.00082 0.933578
vn 0.417686 0.000777 0.908591
vn 0.357103 0.0 0.934065
vn 0.328772 0.000518 0.944409
vn 0.328771 -0.001819 0.944408
vn 0.258817 -0.000629 0.965926
vn 0.328773 -0.00182 0.944407
vn 0.30014 0.0 0.953895
vn 0.239118 0.00042 0.97099
vn 0.156435 -0.000462 0.987688
vn 0.052334 -0.000252 0.99863
vn 0.144369 0.000231 0.989524
vn 0.048272 0.0 0.998834
vn -0.052334 -0.000252 0.99863
vn -0.048272 0.0 0.998834
vn -0.156435 -0.000462 0.987688
vn -0.14437 0.000231 0.989524
vn -0.258817 -0.000629 0.965926
vn -0.239118 0.00042 0.97099
vn -0.300143 0.0 0.953894
vn -0.358372 -0.00082 0.933579
vn -0.328774 0.000518 0.944409
vn -0.328776 -0.00182 0.944406
vn -0.328773 -0.001819 0.944407
vn -0.357103 0.0 0.934065
vn -0.453988 -0.000846 0.891008
vn -0.417682 0.000777 0.908593
vn -0.54464 -0.000865 0.83867
vn -0.507415 0.0008 0.861702
vn -0.62932 -0.000876 0.777146
vn -0.591944 0.000815 0.805979
vn -0.707108 -0.00088 0.707105
vn -0.670404 0.000822 0.741996
vn -0.777145 -0.000876 0.629321
vn -0.741996 0.000822 0.670404
vn -0.83867 -0.000865 0.544638
vn -0.805979 0.000815 0.591944
vn -0.891007 -0.000846 0.45399
vn -0.861702 0.0008 0.507414
vn -0.933579 -0.00082 0.35837
vn -0.908592 0.000777 0.417684
vn -0.965926 -0.000533 0.258817
vn -0.945158 0.0 0.326615
vn -0.94429 0.000503 0.329113
vn -0.987688 -0.000401 0.156435
vn -0.971892 0.000355 0.235426
vn -0.998629 -0.000223 0.052337
vn -0.98985 0.0002 0.142113
vn -0.998871 0.0 0.047512
vn -0.998629 -0.000223 -0.052337
vn -0.998871 -0.0 -0.047513
vn -0.987688 -0.000401 -0.156435
vn -0.989851 0.0002 -0.142113
vn -0.971892 0.000355 -0.235426
vn -0.965926 -0.000533 -0.258817
vn -0.944291 0.000503 -0.329113
vn -0.93358 -0.00082 -0.358369
vn -0.945158 0.0 -0.326615
vn -0.908592 0.000777 -0.417684
vn -0.891007 -0.000846 -0.45399
vn -0.861702 0.0008 -0.507414
vn -0.838669 -0.000865 -0.544641
vn -0.805979 0.000815 -0.591944
vn -0.777147 -0.000876 -0.629319
vn -0.741993 0.000822 -0.670407
vn -0.707105 -0.00088 -0.707108
vn -0.62932 -0.000877 -0.777146
vn -0.670407 0.000822 -0.741993
vn -0.54464 -0.000865 -0.83867
vn -0.591944 0.000815 -0.805979
vn -0.453992 -0.000846 -0.891006
vn -0.507411 0.0008 -0.861704
vn -0.358367 -0.00082 -0.93358
vn -0.417687 0.000777 -0.908591
vn -0.357103 -0.0 -0.934065
vn -0.258817 -0.000629 -0.965926
vn -0.328768 0.000518 -0.94441
vn -0.328776 -0.001819 -0.944406
vn -0.328768 -0.00182 -0.944409
vn -0.300127 0.0 -0.953899
vn -0.156435 -0.000462 -0.987688
vn -0.239123 0.000419 -0.970989
vn -0.052339 -0.000253 -0.998629
vn -0.14437 0.000231 -0.989524
vn -0.048272 0.0 -0.998834
vn 0.052339 -0.000253 -0.998629
vn 0.048272 0.0 -0.998834
vn 0.156435 -0.000462 -0.987688
vn 0.144369 0.000231 -0.989524
vn 0.258817 -0.000629 -0.965926
vn 0.239123 0.000419 -0.970989
vn 0.300129 0.0 -0.953899
vn 0.358368 -0.000819 -0.93358
vn 0.32877 0.000518 -0.94441
vn 0.328779 -0.001821 -0.944405
vn 0.32877 -0.00182 -0.944408
vn 0.357103 0.0 -0.934065
vn 0.453992 -0.000846 -0.891006
vn 0.417681 0.000777 -0.908593
vn 0.544638 -0.000865 -0.838671
vn 0.507416 0.0008 -0.861701
vn 0.629321 -0.000877 -0.777145
vn 0.59194 0.000815 -0.805981
vn 0.707104 -0.00088 -0.707109
vn 0.670406 0.000822 -0.741994
vn 0.777147 -0.000876 -0.629319
vn 0.741994 0.000823 -0.670406
vn 0.805979 0.000815 -0.591944
vn 0.838669 -0.000865 -0.544641
vn 0.861701 0.0008 -0.507416
vn 0.891008 -0.000846 -0.453988
vn 0.908593 0.000777 -0.417681
vn 0.933581 -0.00082 -0.358366
vn 0.945157 0.0 -0.326617
vn 0.94429 0.000502 -0.329114
vn 0.965925 -0.000533 -0.258822
vn 0.971893 0.000356 -0.235423
vn 0.987688 -0.000401 -0.156435
vn 0.989851 0.0002 -0.142113
vn 0.99863 -0.000223 -0.052334
vn 0.998871 0.0 -0.047513
vn 0.0 0.0 1.0
vn 0.0 0.0 1.0
vn 1.0 0.0 -0.0
vn 1.0 0.0 0.0
vn 1.0 0.0 -0.0
vn 1.0 0.0 0.0
vn 0.0 0.0 -1.0
vn 0.0 0.0 -1.0
vn 1.0 0.0 -0.0
vn 1.0 0.0 0.0
vn -0.998176 -0.0 -0.060376
vn -0.998176 0.0 -0.060376
vn -0.983619 0.0 -0.180261
vn -0.983619 -0.0 -0.180261
vn -0.954723 0.0 -0.297497
vn -0.954723 -0.0 -0.297497
vn -0.9119 0.0 -0.410413
vn -0.9119 -0.0 -0.410413
vn -0.855777 0.0 -0.517344
vn -0.855777 -0.0 -0.517344
vn -0.787184 0.0 -0.616718
vn -0.787184 -0.0 -0.616718
vn -0.707107 -0.0 -0.707107
vn -0.707111 -0.0 -0.707103
vn -0.616717 0.0 -0.787185
vn -0.616713 -0.0 -0.787188
vn -0.517343 -0.0 -0.855778
vn -0.517346 -0.0 -0.855776
vn -0.410416 0.0 -0.911898
vn -0.410413 -0.0 -0.9119
vn -0.297497 -0.0 -0.954723
vn -0.297499 -0.0 -0.954722
vn -0.180252 -0.0 -0.983621
vn -0.180253 0.0 -0.98362
vn -0.060384 -0.0 -0.998175
vn -0.060384 0.0 -0.998175
vn 0.060384 0.0 -0.998175
vn 0.060384 0.0 -0.998175
vn 0.180252 0.0 -0.983621
vn 0.180252 0.0 -0.983621
vn 0.297514 -1e-06 -0.954718
vn 0.297499 0.0 -0.954722
vn 0.4104 0.0 -0.911906
vn 0.410413 -1e-06 -0.9119
vn 0.517346 0.0 -0.855776
vn 0.517346 0.0 -0.855776
vn 0.616713 0.0 -0.787188
vn 0.616713 0.0 -0.787188
vn 0.707107 0.0 -0.707107
vn 0.707107 0.0 -0.707107
vn 0.787184 0.0 -0.616718
vn 0.787184 0.0 -0.616718
vn 0.855785 0.0 -0.517331
vn 0.855785 0.0 -0.517331
vn 0.911897 0.0 -0.410419
vn 0.911897 0.0 -0.410419
vn 0.954723 0.0 -0.297497
vn 0.954723 0.0 -0.297497
vn 0.983621 0.0 -0.18025
vn 0.983621 0.0 -0.18025
vn 0.998175 0.0 -0.060385
vn 0.998175 0.0 -0.060385
vn 1.0 0.0 -0.0
vn 1.0 0.0 0.0
vn 0.0 0.0 1.0
vn 0.0 0.0 1.0
vn 1.0 0.0 -0.0
vn 1.0 0.0 0.0
vn 1.0 0.0 -0.0
vn 1.0 0.0 0.0
vn 0.0 0.0 -1.0
vn 0.0 0.0 -1.0
vn 1.0 0.0 -0.0
vn 1.0 0.0 0.0
vn -0.419267 0.907863 0.0
vn -0.525273 0.850934 0.0
vn -0.419267 0.907863 0.0
vn -0.623673 0.781685 0.0
vn -0.525273 0.850934 0.0
vn -0.713046 0.701117 0.0
vn -0.623673 0.781685 0.0
vn -0.792092 0.610402 0.0
vn -0.713046 0.701117 0.0
vn -0.859673 0.510845 0.0
vn -0.792092 0.610402 0.0
vn -0.914805 0.403896 0.0
vn -0.859673 0.510845 0.0
vn -0.956694 0.291096 0.0
vn -0.914805 0.403896 0.0
vn -0.984731 0.174085 0.0
vn -0.956694 0.291096 0.0
vn -0.998511 0.054548 0.0
vn -0.984731 0.174085 0.0
vn -0.997835 -0.065773 -0.0
vn -0.998511 0.054548 0.0
vn -0.982711 -0.185144 -0.0
vn -0.997835 -0.065773 0.0
vn -0.982711 -0.185144 0.0
vn -0.95336 -0.301836 -0.0
vn -0.95336 -0.301836 0.0
vn -0.910207 -0.414155 -0.0
vn -0.910207 -0.414155 0.0
vn -0.853873 -0.520482 -0.0
vn -0.853873 -0.520482 0.0
vn -0.785179 -0.619269 -0.0
vn -0.785179 -0.619269 0.0
vn -0.705117 -0.709091 -0.0
vn -0.705117 -0.709091 0.0
vn -0.614845 -0.788648 -0.0
vn -0.614845 -0.788648 0.0
vn -0.515671 -0.856787 -0.0
vn -0.515671 -0.856787 0.0
vn -0.409032 -0.91252 -0.0
vn -0.409032 -0.91252 0.0
vn -0.296472 -0.955041 -0.0
vn -0.296472 -0.955041 0.0
vn -0.179617 -0.983737 0.0
vn -0.179617 -0.983737 0.0
vn -0.060162 -0.998189 -0.0
vn -0.060162 -0.998189 0.0
vn 0.0 0.0 1.0
vn 0.0 0.0 1.0
vn 0.0 0.0 1.0
vn 0.0 0.0 1.0
vn 0.0 0.0 1.0
vn 0.0 0.0 1.0
vn 0.0 0.0 1.0
vn 0.0 0.0 1.0
vn 0.0 0.0 1.0
vn 0.0 0.0 1.0
vn 0.0 0.0 1.0
vn 0.0 0.0 1.0
vn 0.0 0.0 1.0
vn 0.0 0.0 1.0
vn 0.0 0.0 1.0
vn 0.0 0.0 1.0
vn 0.0 0.0 1.0
vn 0.0 0.0 1.0
vn 0.0 0.0 1.0
vn 0.0 0.0 1.0
vn 0.0 0.0 1.0
vn 0.0 0.0 1.0
vn 0.0 0.0 1.0
vn 0.0 0.0 1.0
vn 0.0 0.0 1.0
vn 0.0 0.0 1.0
vn 0.0 0.0 1.0
vn 0.0 0.0 1.0
vn 0.0 0.0 1.0
vn 0.0 0.0 1.0
vn 0.0 0.0 1.0
vn 0.0 0.0 1.0
vn 0.0 0.0 1.0
vn 0.0 0.0 1.0
vn 0.0 0.0 1.0
vn 0.0 0.0 1.0
vn 0.0 0.0 1.0
vn 0.0 0.0 1.0
vn 0.0 0.0 1.0
vn 0.0 0.0 1.0
vn 0.0 0.0 1.0
vn 0.0 0.0 1.0
vn 0.0 0.0 1.0
vn 0.0 0.0 1.0
vn 0.0 0.0 1.0
vn 0.0 0.0 1.0
vn 0.060162 -0.998189 0.0
vn 0.060162 -0.998189 0.0
vn 0.179617 -0.983737 0.0
vn 0.179617 -0.983737 0.0
vn 0.296472 -0.955041 0.0
vn 0.296472 -0.955041 0.0
vn 0.409032 -0.91252 0.0
vn 0.409032 -0.91252 0.0
vn 0.515671 -0.856787 0.0
vn 0.515671 -0.856787 0.0
vn 0.614845 -0.788648 0.0
vn 0.614845 -0.788648 0.0
vn 0.705117 -0.709091 0.0
vn 0.705117 -0.709091 0.0
vn 0.785179 -0.619269 0.0
vn 0.785179 -0.619269 0.0
vn 0.853873 -0.520482 0.0
vn 0.853873 -0.520482 0.0
vn 0.910207 -0.414155 0.0
vn 0.910207 -0.414155 0.0
vn 0.95336 -0.301836 0.0
vn 0.95336 -0.301836 0.0
vn 0.982711 -0.185144 0.0
vn 0.982711 -0.185144 0.0
vn 0.997835 -0.065773 0.0
vn 0.997835 -0.065773 0.0
vn 0.998511 0.054548 -0.0
vn 0.998511 0.054548 0.0
vn 0.984731 0.174085 -0.0
vn 0.984731 0.174085 0.0
vn 0.956694 0.291096 -0.0
vn 0.956694 0.291096 0.0
vn 0.914805 0.403896 -0.0
vn 0.914805 0.403896 0.0
vn 0.859673 0.510845 -0.0
vn 0.859673 0.510845 0.0
vn 0.792092 0.610402 -0.0
vn 0.792092 0.610402 0.0
vn 0.713046 0.701117 -0.0
vn 0.713046 0.701117 0.0
vn 0.623673 0.781685 -0.0
vn 0.623673 0.781685 0.0
vn 0.525273 0.850934 -0.0
vn 0.525273 0.850934 0.0
vn 0.419267 0.907863 -0.0
vn 0.419267 0.907863 0.0
vn -1.0 0.0 -0.0
vn -1.0 -0.0 0.0
vn 0.0 0.0 -1.0
vn 0.0 0.0 -1.0
vn -1.0 -0.0 -0.0
vn -1.0 0.0 0.0
vn -1.0 -0.0 -0.0
vn -1.0 0.0 0.0
vn 0.0 0.0 1.0
vn 0.0 0.0 1.0
vn -1.0 -0.0 -0.0
vn -1.0 0.0 0.0
vn 0.0 0.0 -1.0
vn 0.0 0.0 -1.0
vn 0.0 0.0 -1.0
vn 0.0 0.0 -1.0
vn 0.0 0.0 -1.0
vn 0.0 0.0 -1.0
vn 0.0 0.0 -1.0
vn 0.0 0.0 -1.0
vn 0.0 0.0 -1.0
vn 0.0 0.0 -1.0
vn 0.0 -0.0 -1.0
vn 0.0 0.0 -1.0
vn 0.0 -0.0 -1.0
vn 0.0 -0.0 -1.0
vn 0.0 -0.0 -1.0
vn 0.0 -0.0 -1.0
vn 0.0 -0.0 -1.0
vn 0.0 0.0 -1.0
vn 0.0 0.0 -1.0
vn 0.0 0.0 -1.0
vn 0.0 -0.0 -1.0
vn 0.0 -0.0 -1.0
vn 0.0 0.0 -1.0
vn 0.0 0.0 -1.0
vn 0.0 0.0 -1.0
vn 0.0 0.0 -1.0
vn 0.0 0.0 -1.0
vn 0.0 0.0 -1.0
vn 0.0 0.0 -1.0
vn 0.0 0.0 -1.0
vn 0.0 0.0 -1.0
vn 0.0 0.0 -1.0
vn 0.0 0.0 -1.0
vn 0.0 0.0 -1.0
vn 0.0 0.0 -1.0
vn 0.0 0.0 -1.0
vn 0.0 0.0 -1.0
vn 0.0 0.0 -1.0
vn 0.0 0.0 -1.0
vn 0.0 -0.0 -1.0
vn 0.0 0.0 -1.0
vn 0.0 0.0 -1.0
vn 0.0 0.0 -1.0
vn 0.0 -0.0 -1.0
vn 0.0 0.0 -1.0
vn -0.0 -0.0 -1.0
vn 0.0 1.0 0.0
vn 0.0 1.0 0.0
vn 0.0 1.0 0.0
vn 0.0 1.0 0.0
vn 0.0 1.0 0.0
vn 0.0 1.0 0.0
vn 0.0 1.0 0.0
vn 0.0 1.0 0.0
vn 0.0 1.0 0.0
vn 0.0 1.0 0.0
vn 0.0 1.0 0.0
vn 0.0 1.0 0.0
vn 0.0 1.0 0.0
vn 0.0 1.0 0.0
vn 0.0 1.0 0.0
vn 0.0 1.0 0.0
vn 0.0 1.0 0.0
vn 0.0 1.0 0.0
vn 0.0 1.0 0.0
vn 0.0 1.0 0.0
vn 0.0 1.0 0.0
vn 0.0 1.0 0.0
vn 0.0 1.0 0.0
vn 0.0 1.0 0.0
vn 0.0 1.0 0.0
vn 0.0 1.0 0.0
vn 0.0 1.0 0.0
vn 0.0 1.0 0.0
vn 0.0 1.0 0.0
vn 0.0 1.0 0.0
vn 0.0 1.0 0.0
vn 0.0 1.0 0.0
vn 0.0 1.0 0.0
vn 0.0 1.0 0.0
vn 0.0 1.0 0.0
vn 0.0 1.0 0.0
vn 0.0 1.0 0.0
vn 0.0 1.0 0.0
vn 0.0 1.0 0.0
vn 0.0 1.0 0.0
vn 0.0 1.0 0.0
vn 0.0 1.0 0.0
vn 0.0 1.0 0.0
vn 0.0 1.0 0.0
vn 0.0 1.0 0.0
vn 0.0 1.0 0.0
vn 0.0 1.0 0.0
vn 0.0 1.0 0.0
vn 0.0 1.0 0.0
vn 0.0 1.0 0.0
vn 0.0 1.0 0.0
vn 0.0 1.0 0.0
vn 0.0 1.0 0.0
vn 0.0 1.0 0.0
vn 0.0 1.0 0.0
vn 0.0 1.0 0.0
vn 0.0 1.0 0.0
vn 0.0 1.0 0.0
vn 0.0 1.0 0.0
vn 0.0 1.0 0.0
vn 0.0 1.0 0.0
vn 0.0 1.0 0.0
vn 0.0 1.0 0.0
vn 0.0 1.0 0.0
vn 0.0 1.0 0.0
vn 0.0 1.0 0.0
vn 0.0 1.0 0.0
vn 0.0 1.0 0.0
vn 0.0 1.0 0.0
vn 0.0 1.0 0.0
vn 0.0 1.0 0.0
vn 0.0 1.0 0.0
vn 0.0 1.0 0.0
vn 0.0 1.0 0.0
vn 0.0 1.0 0.0
vn 0.0 1.0 0.0
vn 0.0 1.0 0.0
vn 0.0 1.0 0.0
vn 0.0 1.0 0.0
vn 0.0 1.0 0.0
vn 0.0 1.0 0.0
vn 0.0 1.0 0.0
vn 0.0 1.0 0.0
vn 0.0 1.0 0.0
vn 0.0 1.0 0.0
vn 0.0 1.0 0.0
vn 0.0 1.0 0.0
vn 0.0 1.0 0.0
vn 0.0 1.0 0.0
vn 0.0 1.0 0.0
vn 0.0 1.0 0.0
vn 0.0 1.0 0.0
vn 0.0 1.0 0.0
vn 0.0 1.0 0.0
vn 0.0 1.0 0.0
vn 0.0 1.0 0.0
vn 0.0 1.0 0.0
vn 0.0 1.0 0.0
vn 0.0 1.0 0.0
vn 0.0 1.0 0.0
vn 0.0 1.0 0.0
vn 0.0 1.0 0.0
vn 0.0 1.0 0.0
vn 0.0 1.0 0.0
vn 0.0 1.0 0.0
vn 0.0 1.0 0.0
vn 0.0 1.0 0.0
vn 0.0 1.0 0.0
vn 0.0 1.0 0.0
vn 0.0 1.0 0.0
vn 0.0 1.0 0.0
vn 0.0 1.0 0.0
vn 0.0 1.0 0.0
vn 0.0 1.0 0.0
vn 0.0 1.0 0.0
vn 0.0 1.0 0.0
vn 0.0 1.0 0.0
vn 0.0 1.0 0.0
vn 0.0 1.0 0.0
vn 0.0 1.0 0.0
vn 0.0 1.0 0.0
vn 0.0 1.0 0.0
vn 0.0 1.0 0.0
vn 0.0 1.0 0.0
vn 0.0 1.0 0.0
vn 0.0 1.0 0.0
vn 0.0 1.0 0.0
vn 0.0 1.0 0.0
vn 0.0 1.0 0.0
vn 0.0 1.0 0.0
vn 0.0 1.0 0.0
vn 0.0 1.0 0.0
vn 0.0 1.0 0.0
vn 0.0 1.0 0.0
vn 0.0 1.0 0.0
vn 0.0 1.0 0.0
vn 0.0 1.0 0.0
vn 0.0 1.0 0.0
vn 0.0 1.0 0.0
vn 0.0 1.0 0.0
vn 0.0 1.0 0.0
vn 0.0 1.0 0.0
vn 0.0 1.0 0.0
vn 0.0 1.0 0.0
vn 0.0 1.0 0.0
vn 0.0 1.0 0.0
vn 0.0 1.0 0.0
vn 0.0 1.0 0.0
vn 0.0 1.0 0.0
vn 0.0 1.0 0.0
vn 0.0 1.0 0.0
vn 0.0 1.0 0.0
vn 0.0 1.0 0.0
vn 0.0 1.0 0.0
vn 0.0 1.0 0.0
vn 0.0 1.0 0.0
vn 0.0 1.0 0.0
vn 0.0 1.0 0.0
vn 0.0 1.0 0.0
vn 0.0 1.0 0.0
vn 0.0 1.0 0.0
vn 0.0 1.0 0.0
vn 0.0 1.0 0.0
vn 0.0 1.0 0.0
vn 0.0 1.0 0.0
vn 0.0 1.0 0.0
vn 0.0 1.0 0.0
vn 0.0 1.0 0.0
vn 0.0 1.0 0.0
vn 0.0 1.0 0.0
vn 0.0 1.0 0.0
vn 0.0 1.0 0.0
vn 0.0 1.0 0.0
vn 0.0 1.0 0.0
vn 0.0 1.0 0.0
vn 0.0 1.0 0.0
vn 0.0 1.0 0.0
vn 0.0 1.0 0.0
vn 0.0 1.0 0.0
vn 0.0 1.0 0.0
vn 0.0 1.0 0.0
vn 0.0 1.0 0.0
vn 0.0 1.0 0.0
vn 0.0 1.0 0.0
vn 0.0 1.0 0.0
vn 0.0 1.0 0.0
vn 0.0 1.0 0.0
vn 0.0 1.0 0.0
vn 0.0 1.0 0.0
vn 0.0 1.0 0.0
vn 0.0 1.0 0.0
vn 0.0 1.0 0.0
vn 0.0 1.0 0.0
vn 0.0 1.0 0.0
vn 0.0 1.0 0.0
vn 0.0 1.0 0.0
vn 0.0 -1.0 0.0
vn 0.0 -1.0 0.0
vn 0.0 -1.0 0.0
vn 0.0 -1.0 0.0
vn 0.0 -1.0 0.0
vn 0.0 -1.0 0.0
vn 0.0 -1.0 0.0
vn 0.0 -1.0 0.0
vn 0.0 -1.0 0.0
vn 0.0 -1.0 0.0
vn 0.0 -1.0 0.0
vn 0.0 -1.0 0.0
vn 0.0 -1.0 0.0
vn 0.0 -1.0 0.0
vn 0.0 -1.0 0.0
vn -0.0 -1.0 0.0
vn -0.0 -1.0 0.0
vn -0.0 -1.0 0.0
vn -0.0 -1.0 0.0
vn -0.0 -1.0 0.0
vn -0.0 -1.0 0.0
vn -0.0 -1.0 0.0
vn -0.0 -1.0 0.0
vn -0.0 -1.0 0.0
vn -0.0 -1.0 0.0
vn -0.0 -1.0 0.0
vn -0.0 -1.0 0.0
vn -0.0 -1.0 0.0
vn 0.0 -1.0 0.0
vn 0.0 -1.0 0.0
vn 0.0 -1.0 0.0
vn 0.0 -1.0 0.0
vn 0.0 -1.0 0.0
vn 0.0 -1.0 0.0
vn 0.0 -1.0 0.0
vn 0.0 -1.0 0.0
vn 0.0 -1.0 0.0
vn 0.0 -1.0 0.0
vn 0.0 -1.0 0.0
vn 0.0 -1.0 0.0
vn 0.0 -1.0 0.0
vn 0.0 -1.0 0.0
vn 0.0 -1.0 0.0
vn 0.0 -1.0 0.0
vn 0.0 -1.0 0.0
vn 0.0 -1.0 0.0
vn 0.0 -1.0 0.0
vn -0.0 -1.0 0.0
vn -0.0 -1.0 0.0
vn 0.0 -1.0 0.0
vn -0.0 -1.0 0.0
vn -0.0 -1.0 0.0
vn -0.0 -1.0 0.0
vn 0.0 -1.0 0.0
vn 0.0 -1.0 0.0
vn 0.0 -1.0 0.0
vn -0.0 -1.0 0.0
vn 0.0 -1.0 0.0
vn 0.0 -1.0 0.0
vn 0.0 -1.0 0.0
vn -0.0 -1.0 0.0
vn 0.0 -1.0 0.0
vn 0.0 -1.0 0.0
vn -0.0 -1.0 0.0
vn -0.0 -1.0 0.0
vn -0.0 -1.0 0.0
vn -0.0 -1.0 0.0
vn -0.0 -1.0 0.0
vn -0.0 -1.0 0.0
vn -0.0 -1.0 0.0
vn 0.0 -1.0 0.0
vn 0.0 -1.0 0.0
vn 0.0 -1.0 0.0
vn 0.0 -1.0 0.0
vn 0.0 -1.0 0.0
vn 0.0 -1.0 0.0
vn 0.0 -1.0 0.0
vn 0.0 -1.0 0.0
vn 0.0 -1.0 0.0
vn 0.0 -1.0 0.0
vn -0.0 -1.0 -0.0
vn -0.0 -1.0 -0.0
vn 0.0 -1.0 0.0
vn -0.0 -1.0 -0.0
vn 0.0 -1.0 0.0
vn -0.0 -1.0 0.0
vn 0.0 -1.0 0.0
vn -0.0 -1.0 -0.0
vn -0.0 -1.0 -0.0
vn 0.0 -1.0 0.0
vn 0.0 -1.0 0.0
vn 0.0 -1.0 0.0
vn 0.0 -1.0 0.0
vn 0.0 -1.0 0.0
vn 0.0 -1.0 0.0
vn 0.0 -1.0 0.0
vn 0.0 -1.0 0.0
vn 0.0 -1.0 0.0
vn -0.0 -1.0 0.0
vn -0.0 -1.0 0.0
vn 0.0 -1.0 0.0
vn 0.0 -1.0 0.0
vn 0.0 -1.0 0.0
vn 0.0 -1.0 0.0
vn 0.0 -1.0 0.0
vn 0.0 -1.0 0.0
vn 0.0 -1.0 0.0
vn 0.0 -1.0 0.0
vn 0.0 -1.0 0.0
vn 0.0 -1.0 0.0
vn 0.0 -1.0 0.0
vn 0.0 -1.0 0.0
vn 0.0 -1.0 0.0
vn 0.0 -1.0 0.0
vn 0.0 -1.0 0.0
vn 0.0 -1.0 0.0
vn 0.0 -1.0 0.0
vn -0.0 -1.0 -0.0
vn 0.0 -1.0 0.0
vn 0.0 -1.0 0.0
vn -0.0 -1.0 -0.0
vn 0.0 -1.0 0.0
vn 0.0 -1.0 0.0
vn 0.0 -1.0 0.0
vn 0.0 -1.0 0.0
vn 0.0 -1.0 0.0
vn -0.0 -1.0 -0.0
vn 0.0 -1.0 0.0
vn -0.0 -1.0 0.0
vn -0.0 -1.0 -0.0
vn -0.0 -1.0 0.0
vn -0.0 -1.0 0.0
vn -0.0 -1.0 0.0
vn -0.0 -1.0 0.0
vn 0.0 -1.0 0.0
vn 0.0 -1.0 0.0
vn 0.0 -1.0 0.0
vn 0.0 -1.0 0.0
vn -0.0 -1.0 0.0
vn 0.0 -1.0 0.0
vn -0.0 -1.0 0.0
vn 0.0 -1.0 0.0
vn -0.0 -1.0 0.0
vn 0.0 -1.0 0.0
vn -0.0 -1.0 0.0
vn 0.0 -1.0 0.0
vn 0.0 -1.0 0.0
vn 0.0 -1.0 0.0
vn 0.0 -1.0 0.0
vn 0.0 -1.0 0.0
vn 0.0 -1.0 0.0
vn 0.0 -1.0 0.0
vn 0.0 -1.0 0.0
vn 0.0 -1.0 0.0
vn -0.0 -1.0 0.0
vn -0.0 -1.0 0.0
vn -0.0 -1.0 0.0
vn 0.0 -1.0 0.0
vn 0.0 -1.0 0.0
vn 0.0 -1.0 0.0
vn 0.0 -1.0 0.0
vn 0.0 -1.0 0.0
vn 0.0 -1.0 0.0
vn 0.0 -1.0 0.0
vn 0.0 -1.0 0.0
vn 0.0 -1.0 0.0
vn 0.0 -1.0 0.0
vn 0.0 -1.0 0.0
vn 0.0 -1.0 0.0
vn 0.0 -1.0 0.0
vn 0.0 -1.0 0.0
vn 0.0 -1.0 0.0
vn 0.0 -1.0 0.0
vn 0.0 -1.0 0.0
vn 0.0 -1.0 0.0
vn -0.0 -1.0 -0.0
vn -0.0 -1.0 -0.0
vn 0.0 -1.0 0.0
vn 0.0 -1.0 0.0
vn -0.0 -1.0 -0.0
vn 0.0 -1.0 0.0
vn 0.0 -1.0 0.0
vn 0.0 -1.0 0.0
vn -0.0 -1.0 -0.0
vn -0.0 -1.0 -0.0
vn 0.0 -1.0 0.0
vn 0.0 -1.0 0.0
vn 0.0 -1.0 0.0
vn 0.0 -1.0 0.0
vn 0.0 -1.0 0.0
vn 0.0 -1.0 0.0
vn 0.0 -1.0 0.0
vn 0.0 -1.0 0.0
vn 0.0 -1.0 0.0
vn 0.0 -1.0 0.0
vn 0.0 -1.0 0.0
vn 0.0 -1.0 0.0
vn 0.0 -1.0 0.0
vn 0.0 -1.0 0.0
vn 0.0 -1.0 0.0
vn 0.0 -1.0 0.0
vn -0.0 -1.0 0.0
vn -0.0 -1.0 0.0
vn -0.0 -1.0 0.0
vn -0.0 -1.0 0.0
vn -0.0 -1.0 0.0
vn -0.0 -1.0 0.0
vn 0.0 -1.0 0.0
vn 0.0 -1.0 0.0
vn 0.0 -1.0 0.0
vn 0.0 -1.0 0.0
vn 0.0 -1.0 0.0
vn -0.0 -1.0 0.0
vn -0.0 -1.0 0.0
vn 0.0 -1.0 0.0
vn 0.0 -1.0 0.0
vn 0.0 -1.0 0.0
vn 0.0 -1.0 0.0
vn 0.0 -1.0 0.0
vn -0.0 -1.0 0.0
vn -0.0 -1.0 0.0
vn -0.0 -1.0 0.0
vn 0.0 -1.0 0.0
vn 0.0 -1.0 0.0
vn 0.0 -1.0 0.0
vn 0.0 -1.0 0.0
vn -0.0 -1.0 0.0
vn 0.0 -1.0 0.0
vn -0.0 -1.0 0.0
vn 0.0 -1.0 0.0
vn -0.0 -1.0 -0.0
vn -0.0 -1.0 0.0
vn 0.0 -1.0 0.0
vn 0.0 -1.0 0.0
vn 0.0 -1.0 0.0
vn -0.0 -1.0 -0.0
vn -0.0 -1.0 0.0
vn -0.0 -1.0 -0.0
vn -0.0 -1.0 -0.0
vn 0.0 -1.0 0.0
vn -0.0 -1.0 -0.0
vn 0.0 -1.0 0.0
vn 0.0 -1.0 0.0
vn -0.0 -1.0 -0.0
vn 0.0 -1.0 0.0
vn 0.0 -1.0 0.0
vn 0.0 -1.0 0.0
vn 0.0 -1.0 0.0
vn 0.0 -1.0 0.0
vn 0.0 -1.0 0.0
vn 0.0 -1.0 0.0
vn 0.0 -1.0 0.0
vn -0.0 -1.0 0.0
vn -0.0 -1.0 0.0
vn -0.0 -1.0 0.0
vn 0.0 -1.0 0.0
vn 0.0 -1.0 0.0
vn 0.0 -1.0 0.0
vn 0.0 -1.0 0.0
vn 0.0 -1.0 0.0
vn 0.0 -1.0 0.0
vn -0.0 -1.0 0.0
vn 0.0 -1.0 0.0
vn -0.0 -1.0 0.0
vn -0.0 -1.0 0.0
vn 0.0 -1.0 0.0
vn -0.0 -1.0 0.0
vn 0.0 -1.0 0.0
vn 0.0 -1.0 0.0
vn 0.0 -1.0 0.0
vn 0.0 -1.0 0.0
vn 0.0 -1.0 0.0
vn 0.0 -1.0 0.0
vn 0.0 -1.0 0.0
vn 0.0 -1.0 0.0
vn 0.0 -1.0 0.0
vn 0.0 -1.0 0.0
vn 0.0 -1.0 0.0
vn 0.0 -1.0 0.0
vn 0.0 -1.0 0.0
vn 0.0 -1.0 0.0
vn 0.0 -1.0 0.0
vn 0.0 -1.0 0.0
vn -0.0 -1.0 0.0
vn -0.0 -1.0 0.0
vn -0.0 -1.0 0.0
vn -0.0 -1.0 0.0
vn -0.0 -1.0 0.0
vn -0.0 -1.0 0.0
vn -0.0 -1.0 0.0
vn -0.0 -1.0 0.0
vn -0.0 -1.0 0.0
vn -0.0 -1.0 0.0
vn -0.0 -1.0 0.0
vn -0.0 -1.0 0.0
vn 0.0 -1.0 0.0
vn 0.0 -1.0 0.0
vn 0.0 -1.0 0.0
vn 0.0 -1.0 0.0
vn 0.0 -1.0 0.0
vn 0.0 -1.0 0.0
vn 0.0 -1.0 0.0
vn 0.0 -1.0 0.0
vn 0.0 -1.0 0.0
vn 0.0 -1.0 0.0
vn 0.0 -1.0 0.0
vn 0.0 -1.0 0.0
vn 0.0 -1.0 0.0
vn 0.0 -1.0 0.0
vn 0.0 -1.0 0.0
f 1//1 2//1 3//1 
f 3//2 2//2 4//2 
f 5//3 6//3 7//3 
f 8//4 1//4 3//4 
f 5//5 1//5 6//5 
f 6//6 1//6 8//6 
f 2//7 9//7 4//7 
f 10//8 11//8 12//8 
f 2//9 11//9 13//9 
f 2//10 13//10 14//10 
f 2//11 14//11 15//11 
f 2//12 15//12 16//12 
f 2//13 16//13 9//13 
f 13//14 11//14 17//14 
f 17//15 11//15 18//15 
f 18//16 11//16 19//16 
f 19//17 11//17 20//17 
f 20//18 11//18 10//18 
f 21//19 22//19 2//19 
f 23//20 2//20 22//20 
f 24//21 21//21 2//21 
f 25//22 2//22 23//22 
f 26//23 24//23 2//23 
f 27//24 2//24 25//24 
f 28//25 26//25 2//25 
f 29//26 2//26 27//26 
f 30//27 28//27 2//27 
f 31//28 2//28 29//28 
f 32//29 30//29 2//29 
f 33//30 2//30 31//30 
f 34//31 32//31 2//31 
f 35//32 2//32 33//32 
f 36//33 34//33 2//33 
f 37//34 2//34 35//34 
f 38//35 36//35 2//35 
f 39//36 2//36 37//36 
f 40//37 41//37 42//37 
f 43//38 42//38 44//38 
f 43//39 40//39 42//39 
f 45//40 46//40 41//40 
f 45//41 41//41 40//41 
f 47//42 43//42 44//42 
f 47//43 44//43 48//43 
f 49//44 46//44 45//44 
f 49//45 50//45 46//45 
f 51//46 48//46 52//46 
f 51//47 47//47 48//47 
f 53//48 39//48 50//48 
f 53//49 50//49 49//49 
f 54//50 52//50 55//50 
f 54//51 51//51 52//51 
f 56//52 39//52 53//52 
f 56//53 2//53 39//53 
f 57//54 54//54 55//54 
f 57//55 55//55 58//55 
f 59//56 2//56 56//56 
f 60//57 58//57 61//57 
f 60//58 57//58 58//58 
f 62//59 2//59 59//59 
f 63//60 60//60 61//60 
f 64//61 65//61 66//61 
f 64//62 66//62 67//62 
f 64//63 67//63 68//63 
f 69//64 70//64 71//64 
f 69//65 71//65 65//65 
f 69//66 65//66 64//66 
f 72//67 64//67 68//67 
f 72//68 68//68 73//68 
f 72//69 73//69 74//69 
f 75//70 76//70 77//70 
f 75//71 77//71 78//71 
f 75//72 78//72 70//72 
f 75//73 70//73 69//73 
f 79//74 74//74 80//74 
f 79//75 80//75 81//75 
f 79//76 72//76 74//76 
f 82//77 83//77 84//77 
f 82//78 84//78 76//78 
f 82//79 76//79 75//79 
f 85//80 81//80 86//80 
f 85//81 86//81 87//81 
f 85//82 79//82 81//82 
f 88//83 61//83 89//83 
f 88//84 89//84 83//84 
f 88//85 63//85 61//85 
f 88//86 83//86 82//86 
f 90//87 87//87 91//87 
f 90//88 85//88 87//88 
f 92//89 63//89 88//89 
f 92//90 93//90 94//90 
f 92//91 94//91 95//91 
f 92//92 95//92 63//92 
f 96//93 91//93 97//93 
f 96//94 97//94 98//94 
f 96//95 90//95 91//95 
f 99//96 93//96 92//96 
f 99//97 100//97 101//97 
f 99//98 101//98 102//98 
f 99//99 102//99 93//99 
f 103//100 98//100 104//100 
f 103//101 96//101 98//101 
f 105//102 100//102 99//102 
f 105//103 106//103 107//103 
f 105//104 107//104 108//104 
f 105//105 108//105 109//105 
f 105//106 109//106 100//106 
f 110//107 104//107 38//107 
f 110//108 103//108 104//108 
f 111//109 106//109 105//109 
f 111//110 112//110 113//110 
f 111//111 113//111 114//111 
f 111//112 114//112 115//112 
f 111//113 115//113 106//113 
f 116//114 112//114 111//114 
f 116//115 117//115 118//115 
f 116//116 118//116 119//116 
f 116//117 119//117 120//117 
f 116//118 120//118 112//118 
f 121//119 117//119 116//119 
f 121//120 122//120 123//120 
f 121//121 123//121 124//121 
f 121//122 124//122 125//122 
f 121//123 125//123 117//123 
f 126//124 122//124 121//124 
f 126//125 127//125 128//125 
f 126//126 128//126 122//126 
f 129//127 130//127 131//127 
f 129//128 131//128 127//128 
f 129//129 127//129 126//129 
f 132//130 133//130 134//130 
f 132//131 134//131 130//131 
f 132//132 130//132 129//132 
f 135//133 136//133 133//133 
f 135//134 133//134 132//134 
f 137//135 138//135 136//135 
f 137//136 136//136 135//136 
f 139//137 140//137 141//137 
f 142//138 139//138 141//138 
f 143//139 144//139 140//139 
f 143//140 140//140 139//140 
f 145//141 141//141 146//141 
f 145//142 142//142 141//142 
f 147//143 144//143 143//143 
f 148//144 145//144 146//144 
f 148//145 146//145 110//145 
f 149//146 144//146 147//146 
f 149//147 150//147 144//147 
f 151//148 110//148 38//148 
f 151//149 38//149 2//149 
f 151//150 148//150 110//150 
f 152//151 150//151 149//151 
f 153//152 154//152 150//152 
f 153//153 150//153 152//153 
f 155//154 154//154 153//154 
f 156//155 154//155 155//155 
f 156//156 157//156 154//156 
f 158//157 157//157 156//157 
f 159//158 157//158 158//158 
f 160//159 161//159 157//159 
f 160//160 157//160 159//160 
f 162//161 161//161 160//161 
f 163//162 161//162 162//162 
f 1//163 151//163 2//163 
f 1//164 164//164 165//164 
f 1//165 165//165 166//165 
f 1//166 166//166 167//166 
f 1//167 167//167 168//167 
f 1//168 168//168 169//168 
f 1//169 169//169 170//169 
f 1//170 170//170 171//170 
f 1//171 171//171 151//171 
f 172//172 164//172 1//172 
f 173//173 161//173 163//173 
f 174//174 173//174 163//174 
f 175//175 172//175 1//175 
f 176//176 173//176 174//176 
f 177//177 175//177 1//177 
f 178//178 173//178 176//178 
f 179//179 177//179 1//179 
f 180//180 179//180 1//180 
f 181//181 180//181 1//181 
f 182//182 178//182 183//182 
f 182//183 183//183 184//183 
f 182//184 173//184 178//184 
f 185//185 181//185 1//185 
f 186//186 185//186 1//186 
f 187//187 186//187 1//187 
f 188//188 187//188 1//188 
f 189//189 184//189 190//189 
f 189//190 190//190 191//190 
f 189//191 182//191 184//191 
f 192//192 193//192 194//192 
f 195//193 192//193 194//193 
f 196//194 193//194 192//194 
f 197//195 195//195 194//195 
f 198//196 193//196 196//196 
f 199//197 194//197 200//197 
f 199//198 197//198 194//198 
f 201//199 193//199 198//199 
f 202//200 199//200 200//200 
f 203//201 204//201 193//201 
f 203//202 193//202 201//202 
f 205//203 202//203 200//203 
f 206//204 204//204 203//204 
f 207//205 200//205 189//205 
f 207//206 205//206 200//206 
f 207//207 189//207 191//207 
f 208//208 204//208 206//208 
f 209//209 191//209 210//209 
f 209//210 207//210 191//210 
f 211//211 204//211 208//211 
f 212//212 209//212 210//212 
f 212//213 210//213 213//213 
f 214//214 215//214 204//214 
f 214//215 204//215 211//215 
f 216//216 212//216 213//216 
f 216//217 213//217 217//217 
f 218//218 215//218 214//218 
f 219//219 216//219 217//219 
f 219//220 217//220 220//220 
f 221//221 215//221 218//221 
f 222//222 219//222 220//222 
f 222//223 220//223 223//223 
f 224//224 215//224 221//224 
f 225//225 223//225 226//225 
f 225//226 222//226 223//226 
f 227//227 228//227 215//227 
f 227//228 215//228 224//228 
f 229//229 226//229 230//229 
f 229//230 225//230 226//230 
f 231//231 228//231 227//231 
f 232//232 229//232 230//232 
f 232//233 230//233 233//233 
f 234//234 228//234 231//234 
f 235//235 233//235 236//235 
f 235//236 232//236 233//236 
f 237//237 228//237 234//237 
f 238//238 235//238 236//238 
f 238//239 236//239 188//239 
f 239//240 240//240 228//240 
f 239//241 228//241 237//241 
f 241//242 238//242 188//242 
f 241//243 188//243 1//243 
f 242//244 240//244 239//244 
f 243//245 241//245 1//245 
f 244//246 245//246 240//246 
f 244//247 240//247 242//247 
f 246//248 243//248 1//248 
f 247//249 245//249 244//249 
f 248//250 245//250 247//250 
f 248//251 249//251 245//251 
f 250//252 249//252 248//252 
f 251//253 252//253 249//253 
f 251//254 249//254 250//254 
f 253//255 254//255 252//255 
f 253//256 252//256 251//256 
f 255//257 254//257 253//257 
f 256//258 257//258 258//258 
f 259//259 258//259 138//259 
f 259//260 256//260 258//260 
f 260//261 257//261 256//261 
f 260//262 261//262 257//262 
f 262//263 261//263 260//263 
f 262//264 263//264 261//264 
f 264//265 263//265 262//265 
f 265//266 137//266 266//266 
f 267//267 138//267 137//267 
f 267//268 137//268 265//268 
f 267//269 259//269 138//269 
f 267//270 268//270 259//270 
f 269//271 266//271 270//271 
f 269//272 270//272 271//272 
f 269//273 265//273 266//273 
f 272//274 268//274 267//274 
f 272//275 273//275 268//275 
f 274//276 269//276 271//276 
f 275//277 276//277 277//277 
f 275//278 277//278 273//278 
f 275//279 273//279 272//279 
f 278//280 274//280 271//280 
f 278//281 271//281 279//281 
f 280//282 281//282 282//282 
f 280//283 282//283 276//283 
f 280//284 276//284 275//284 
f 283//285 278//285 279//285 
f 283//286 279//286 284//286 
f 285//287 286//287 287//287 
f 285//288 287//288 288//288 
f 285//289 288//289 281//289 
f 285//290 281//290 280//290 
f 289//291 283//291 284//291 
f 289//292 284//292 290//292 
f 289//293 290//293 291//293 
f 292//294 293//294 294//294 
f 292//295 294//295 295//295 
f 292//296 295//296 286//296 
f 292//297 286//297 285//297 
f 296//298 289//298 291//298 
f 296//299 291//299 297//299 
f 298//300 299//300 300//300 
f 298//301 300//301 301//301 
f 298//302 301//302 302//302 
f 298//303 302//303 293//303 
f 298//304 293//304 292//304 
f 303//305 296//305 297//305 
f 304//306 305//306 306//306 
f 304//307 306//307 307//307 
f 304//308 307//308 308//308 
f 304//309 308//309 299//309 
f 304//310 299//310 298//310 
f 309//311 297//311 310//311 
f 309//312 310//312 311//312 
f 309//313 303//313 297//313 
f 312//314 305//314 304//314 
f 312//315 313//315 314//315 
f 312//316 314//316 315//316 
f 312//317 315//317 316//317 
f 312//318 316//318 305//318 
f 317//319 309//319 311//319 
f 318//320 319//320 320//320 
f 318//321 320//321 321//321 
f 318//322 321//322 322//322 
f 318//323 322//323 313//323 
f 318//324 313//324 312//324 
f 323//325 324//325 325//325 
f 323//326 325//326 319//326 
f 323//327 319//327 318//327 
f 326//328 311//328 327//328 
f 326//329 317//329 311//329 
f 328//330 324//330 323//330 
f 328//331 329//331 324//331 
f 330//332 327//332 331//332 
f 330//333 326//333 327//333 
f 332//334 333//334 334//334 
f 335//335 334//335 336//335 
f 335//336 332//336 334//336 
f 337//337 338//337 333//337 
f 337//338 333//338 332//338 
f 339//339 336//339 340//339 
f 339//340 335//340 336//340 
f 341//341 342//341 338//341 
f 341//342 338//342 337//342 
f 343//343 339//343 340//343 
f 343//344 340//344 344//344 
f 345//345 346//345 342//345 
f 345//346 342//346 341//346 
f 347//347 343//347 344//347 
f 347//348 344//348 348//348 
f 349//349 350//349 346//349 
f 349//350 346//350 345//350 
f 351//351 348//351 352//351 
f 351//352 347//352 348//352 
f 353//353 352//353 329//353 
f 353//354 351//354 352//354 
f 354//355 331//355 355//355 
f 354//356 330//356 331//356 
f 356//357 353//357 329//357 
f 356//358 329//358 328//358 
f 357//359 328//359 358//359 
f 357//360 356//360 328//360 
f 359//361 357//361 358//361 
f 360//362 359//362 358//362 
f 361//363 360//363 358//363 
f 362//364 363//364 361//364 
f 362//365 361//365 358//365 
f 364//366 354//366 355//366 
f 364//367 355//367 365//367 
f 11//368 366//368 367//368 
f 11//369 367//369 350//369 
f 11//370 350//370 349//370 
f 11//371 349//371 368//371 
f 11//372 368//372 369//372 
f 11//373 369//373 370//373 
f 11//374 370//374 371//374 
f 11//375 371//375 372//375 
f 11//376 372//376 373//376 
f 11//377 373//377 374//377 
f 11//378 374//378 375//378 
f 376//379 363//379 362//379 
f 377//380 11//380 375//380 
f 378//381 11//381 377//381 
f 379//382 11//382 378//382 
f 380//383 11//383 379//383 
f 381//384 11//384 380//384 
f 382//385 11//385 381//385 
f 383//386 384//386 385//386 
f 383//387 385//387 386//387 
f 383//388 386//388 376//388 
f 383//389 376//389 362//389 
f 387//390 365//390 388//390 
f 387//391 364//391 365//391 
f 389//392 11//392 382//392 
f 390//393 11//393 389//393 
f 391//394 11//394 390//394 
f 392//395 11//395 391//395 
f 393//396 394//396 395//396 
f 393//397 395//397 384//397 
f 393//398 384//398 383//398 
f 396//399 388//399 254//399 
f 396//400 254//400 255//400 
f 396//401 387//401 388//401 
f 397//402 398//402 399//402 
f 397//403 399//403 394//403 
f 397//404 394//404 393//404 
f 400//405 401//405 402//405 
f 400//406 402//406 398//406 
f 400//407 398//407 397//407 
f 403//408 404//408 405//408 
f 403//409 405//409 401//409 
f 403//410 401//410 400//410 
f 406//411 407//411 408//411 
f 406//412 408//412 404//412 
f 406//413 404//413 403//413 
f 409//414 410//414 407//414 
f 409//415 407//415 406//415 
f 411//416 412//416 410//416 
f 411//417 410//417 409//417 
f 413//418 392//418 412//418 
f 413//419 412//419 411//419 
f 414//420 415//420 416//420 
f 417//421 414//421 416//421 
f 418//422 415//422 414//422 
f 419//423 417//423 416//423 
f 420//424 415//424 418//424 
f 421//425 419//425 416//425 
f 421//426 416//426 422//426 
f 423//427 415//427 420//427 
f 424//428 421//428 422//428 
f 425//429 415//429 423//429 
f 425//430 426//430 415//430 
f 427//431 424//431 422//431 
f 428//432 426//432 425//432 
f 429//433 427//433 422//433 
f 429//434 422//434 430//434 
f 431//435 426//435 428//435 
f 432//436 429//436 430//436 
f 433//437 426//437 431//437 
f 434//438 432//438 430//438 
f 434//439 430//439 435//439 
f 436//440 437//440 426//440 
f 436//441 426//441 433//441 
f 438//442 434//442 435//442 
f 439//443 437//443 436//443 
f 440//444 438//444 435//444 
f 440//445 435//445 441//445 
f 442//446 437//446 439//446 
f 443//447 441//447 396//447 
f 443//448 440//448 441//448 
f 444//449 437//449 442//449 
f 445//450 443//450 396//450 
f 445//451 255//451 446//451 
f 445//452 396//452 255//452 
f 447//453 437//453 444//453 
f 447//454 448//454 437//454 
f 449//455 446//455 450//455 
f 449//456 445//456 446//456 
f 451//457 448//457 447//457 
f 452//458 449//458 450//458 
f 452//459 450//459 453//459 
f 454//460 448//460 451//460 
f 455//461 453//461 456//461 
f 455//462 452//462 453//462 
f 457//463 448//463 454//463 
f 458//464 455//464 456//464 
f 459//465 448//465 457//465 
f 459//466 460//466 448//466 
f 461//467 460//467 459//467 
f 462//468 460//468 461//468 
f 462//469 463//469 460//469 
f 464//470 463//470 462//470 
f 465//471 466//471 467//471 
f 468//472 465//472 467//472 
f 469//473 466//473 465//473 
f 470//474 467//474 471//474 
f 470//475 468//475 467//475 
f 472//476 466//476 469//476 
f 473//477 470//477 471//477 
f 474//478 475//478 466//478 
f 474//479 466//479 472//479 
f 476//480 473//480 471//480 
f 477//481 475//481 474//481 
f 478//482 471//482 463//482 
f 478//483 476//483 471//483 
f 479//484 475//484 477//484 
f 479//485 480//485 475//485 
f 481//486 463//486 464//486 
f 481//487 478//487 463//487 
f 482//488 480//488 479//488 
f 483//489 464//489 484//489 
f 483//490 481//490 464//490 
f 485//491 480//491 482//491 
f 485//492 486//492 480//492 
f 487//493 483//493 484//493 
f 487//494 484//494 488//494 
f 489//495 486//495 485//495 
f 490//496 488//496 491//496 
f 490//497 487//497 488//497 
f 492//498 486//498 489//498 
f 492//499 493//499 486//499 
f 494//500 491//500 495//500 
f 494//501 490//501 491//501 
f 496//502 493//502 492//502 
f 497//503 495//503 498//503 
f 497//504 494//504 495//504 
f 499//505 493//505 496//505 
f 499//506 500//506 493//506 
f 501//507 498//507 502//507 
f 501//508 497//508 498//508 
f 503//509 500//509 499//509 
f 504//510 501//510 502//510 
f 504//511 502//511 505//511 
f 506//512 500//512 503//512 
f 506//513 507//513 500//513 
f 508//514 505//514 509//514 
f 508//515 504//515 505//515 
f 510//516 507//516 506//516 
f 510//517 511//517 507//517 
f 512//518 509//518 513//518 
f 512//519 508//519 509//519 
f 514//520 511//520 510//520 
f 514//521 413//521 511//521 
f 515//522 513//522 516//522 
f 515//523 512//523 513//523 
f 517//524 392//524 413//524 
f 517//525 413//525 514//525 
f 518//526 516//526 519//526 
f 518//527 515//527 516//527 
f 5//528 518//528 519//528 
f 5//529 517//529 520//529 
f 5//530 520//530 521//530 
f 5//531 521//531 522//531 
f 5//532 392//532 517//532 
f 5//533 519//533 523//533 
f 5//534 523//534 524//534 
f 5//535 522//535 525//535 
f 5//536 525//536 526//536 
f 5//537 526//537 527//537 
f 5//538 527//538 528//538 
f 5//539 528//539 529//539 
f 5//540 529//540 530//540 
f 5//541 530//541 531//541 
f 5//542 531//542 532//542 
f 5//543 532//543 533//543 
f 5//544 11//544 392//544 
f 5//545 533//545 534//545 
f 5//546 534//546 535//546 
f 5//547 535//547 536//547 
f 5//548 536//548 537//548 
f 5//549 537//549 538//549 
f 5//550 538//550 518//550 
f 1//551 5//551 524//551 
f 1//552 524//552 539//552 
f 1//553 539//553 540//553 
f 1//554 540//554 458//554 
f 1//555 458//555 246//555 
f 246//556 458//556 541//556 
f 541//557 458//557 542//557 
f 542//558 458//558 543//558 
f 543//559 458//559 456//559 
f 11//560 2//560 62//560 
f 11//561 62//561 544//561 
f 11//562 544//562 545//562 
f 11//563 545//563 546//563 
f 11//564 546//564 263//564 
f 11//565 263//565 366//565 
f 366//566 263//566 547//566 
f 547//567 263//567 548//567 
f 548//568 263//568 264//568 
f 549//569 550//569 4//569 
f 4//570 551//570 549//570 
f 550//571 552//571 4//571 
f 4//572 553//572 551//572 
f 552//573 554//573 4//573 
f 4//574 555//574 553//574 
f 554//575 556//575 4//575 
f 4//576 557//576 555//576 
f 556//577 558//577 4//577 
f 4//578 559//578 557//578 
f 558//579 560//579 4//579 
f 4//580 561//580 559//580 
f 560//581 562//581 4//581 
f 4//582 563//582 561//582 
f 562//583 564//583 4//583 
f 4//584 565//584 563//584 
f 564//585 566//585 4//585 
f 567//586 568//586 569//586 
f 569//587 568//587 570//587 
f 570//588 568//588 571//588 
f 571//589 568//589 572//589 
f 572//590 568//590 573//590 
f 573//591 568//591 574//591 
f 574//592 568//592 575//592 
f 575//593 568//593 576//593 
f 576//594 568//594 577//594 
f 577//595 568//595 578//595 
f 578//596 568//596 579//596 
f 579//597 568//597 580//597 
f 580//598 568//598 581//598 
f 582//599 583//599 584//599 
f 584//600 585//600 586//600 
f 586//601 585//601 587//601 
f 583//602 585//602 584//602 
f 582//603 588//603 583//603 
f 589//604 588//604 582//604 
f 585//605 590//605 587//605 
f 587//606 590//606 591//606 
f 589//607 592//607 588//607 
f 4//608 592//608 565//608 
f 565//609 592//609 589//609 
f 590//610 593//610 591//610 
f 591//611 593//611 594//611 
f 4//612 595//612 592//612 
f 594//613 596//613 597//613 
f 593//614 596//614 594//614 
f 4//615 598//615 595//615 
f 596//616 599//616 597//616 
f 597//617 599//617 600//617 
f 599//618 601//618 600//618 
f 600//619 601//619 602//619 
f 602//620 601//620 603//620 
f 603//621 604//621 605//621 
f 605//622 604//622 606//622 
f 601//623 604//623 603//623 
f 568//624 607//624 581//624 
f 581//625 607//625 608//625 
f 606//626 609//626 610//626 
f 610//627 609//627 567//627 
f 567//628 609//628 568//628 
f 604//629 609//629 606//629 
f 604//630 611//630 609//630 
f 604//631 612//631 611//631 
f 604//632 613//632 612//632 
f 608//633 614//633 615//633 
f 615//634 614//634 616//634 
f 607//635 614//635 608//635 
f 614//636 617//636 616//636 
f 616//637 617//637 618//637 
f 618//638 619//638 620//638 
f 617//639 619//639 618//639 
f 620//640 621//640 566//640 
f 619//641 621//641 620//641 
f 622//642 623//642 624//642 
f 624//643 623//643 625//643 
f 624//644 626//644 622//644 
f 627//645 626//645 624//645 
f 625//646 628//646 629//646 
f 623//647 628//647 625//647 
f 627//648 630//648 626//648 
f 627//649 631//649 630//649 
f 628//650 632//650 629//650 
f 629//651 632//651 621//651 
f 631//652 633//652 630//652 
f 621//653 634//653 566//653 
f 632//654 634//654 621//654 
f 631//655 635//655 633//655 
f 631//656 636//656 635//656 
f 631//657 637//657 636//657 
f 631//658 638//658 637//658 
f 631//659 639//659 638//659 
f 631//660 640//660 639//660 
f 631//661 641//661 640//661 
f 631//662 642//662 641//662 
f 631//663 643//663 642//663 
f 644//664 3//664 645//664 
f 645//665 3//665 646//665 
f 646//666 3//666 647//666 
f 647//667 3//667 648//667 
f 648//668 3//668 649//668 
f 649//669 3//669 650//669 
f 650//670 3//670 651//670 
f 634//671 3//671 566//671 
f 651//672 3//672 634//672 
f 566//673 3//673 4//673 
f 644//674 652//674 3//674 
f 631//675 653//675 643//675 
f 652//676 654//676 3//676 
f 631//677 655//677 653//677 
f 654//678 656//678 3//678 
f 631//679 657//679 655//679 
f 656//680 658//680 3//680 
f 658//681 659//681 3//681 
f 659//682 660//682 3//682 
f 660//683 661//683 3//683 
f 661//684 662//684 3//684 
f 662//685 663//685 3//685 
f 657//686 664//686 665//686 
f 665//687 664//687 666//687 
f 631//688 664//688 657//688 
f 667//689 668//689 664//689 
f 664//690 668//690 666//690 
f 669//691 668//691 667//691 
f 670//692 668//692 669//692 
f 666//693 668//693 671//693 
f 671//694 668//694 672//694 
f 672//695 673//695 674//695 
f 674//696 673//696 675//696 
f 668//697 673//697 672//697 
f 675//698 676//698 677//698 
f 673//699 676//699 675//699 
f 677//700 678//700 679//700 
f 676//701 678//701 677//701 
f 679//702 680//702 681//702 
f 678//703 680//703 679//703 
f 681//704 682//704 683//704 
f 680//705 682//705 681//705 
f 683//706 684//706 685//706 
f 685//707 684//707 686//707 
f 682//708 684//708 683//708 
f 686//709 687//709 688//709 
f 684//710 687//710 686//710 
f 688//711 689//711 690//711 
f 687//712 689//712 688//712 
f 690//713 691//713 663//713 
f 689//714 691//714 690//714 
f 663//715 691//715 3//715 
f 691//716 692//716 3//716 
f 692//717 693//717 3//717 
f 4//718 9//718 694//718 
f 4//719 694//719 598//719 
f 8//720 3//720 695//720 
f 695//721 3//721 693//721 
f 11//722 7//722 12//722 
f 11//723 5//723 7//723 
f 696//724 697//724 698//724 
f 696//725 699//725 697//725 
f 696//726 700//726 699//726 
f 701//727 702//727 703//727 
f 703//728 704//728 705//728 
f 702//729 704//729 703//729 
f 706//730 707//730 701//730 
f 701//731 707//731 702//731 
f 705//732 708//732 709//732 
f 704//733 708//733 705//733 
f 710//734 711//734 706//734 
f 706//735 711//735 707//735 
f 708//736 712//736 709//736 
f 713//737 714//737 710//737 
f 710//738 714//738 711//738 
f 709//739 715//739 716//739 
f 712//740 715//740 709//740 
f 713//741 717//741 714//741 
f 715//742 718//742 716//742 
f 716//743 718//743 719//743 
f 718//744 720//744 719//744 
f 719//745 720//745 696//745 
f 720//746 721//746 696//746 
f 721//747 722//747 696//747 
f 722//748 723//748 696//748 
f 696//749 723//749 700//749 
f 723//750 724//750 700//750 
f 725//751 12//751 726//751 
f 726//752 12//752 713//752 
f 717//753 12//753 727//753 
f 727//754 12//754 728//754 
f 728//755 12//755 729//755 
f 729//756 12//756 730//756 
f 730//757 12//757 731//757 
f 731//758 12//758 732//758 
f 732//759 12//759 733//759 
f 733//760 12//760 734//760 
f 713//761 12//761 717//761 
f 12//762 735//762 734//762 
f 12//763 736//763 735//763 
f 12//764 737//764 736//764 
f 12//765 738//765 737//765 
f 12//766 739//766 738//766 
f 12//767 740//767 739//767 
f 12//768 741//768 740//768 
f 12//769 742//769 741//769 
f 12//770 743//770 742//770 
f 724//771 744//771 700//771 
f 745//772 744//772 746//772 
f 746//773 744//773 747//773 
f 747//774 744//774 748//774 
f 748//775 744//775 749//775 
f 749//776 744//776 750//776 
f 750//777 744//777 751//777 
f 751//778 744//778 752//778 
f 752//779 744//779 753//779 
f 753//780 744//780 754//780 
f 754//781 744//781 755//781 
f 755//782 744//782 756//782 
f 756//783 744//783 757//783 
f 757//784 744//784 724//784 
f 758//785 759//785 760//785 
f 760//786 759//786 745//786 
f 745//787 759//787 744//787 
f 761//788 762//788 758//788 
f 758//789 762//789 759//789 
f 763//790 764//790 761//790 
f 761//791 764//791 762//791 
f 763//792 765//792 764//792 
f 766//793 765//793 763//793 
f 767//794 768//794 769//794 
f 770//795 768//795 767//795 
f 771//796 768//796 770//796 
f 772//797 773//797 774//797 
f 774//798 775//798 772//798 
f 773//799 776//799 774//799 
f 774//800 777//800 775//800 
f 774//801 778//801 771//801 
f 776//802 778//802 774//802 
f 774//803 779//803 777//803 
f 771//804 780//804 768//804 
f 778//805 780//805 771//805 
f 774//806 781//806 779//806 
f 780//807 782//807 768//807 
f 774//808 783//808 781//808 
f 782//809 784//809 768//809 
f 774//810 785//810 783//810 
f 768//811 786//811 787//811 
f 784//812 786//812 768//812 
f 774//813 788//813 785//813 
f 787//814 789//814 790//814 
f 786//815 789//815 787//815 
f 774//816 791//816 788//816 
f 790//817 792//817 793//817 
f 789//818 792//818 790//818 
f 774//819 794//819 791//819 
f 792//820 795//820 793//820 
f 796//821 797//821 774//821 
f 774//822 797//822 794//822 
f 793//823 798//823 799//823 
f 795//824 798//824 793//824 
f 796//825 800//825 797//825 
f 799//826 801//826 802//826 
f 798//827 801//827 799//827 
f 803//828 804//828 796//828 
f 796//829 804//829 800//829 
f 802//830 805//830 806//830 
f 801//831 805//831 802//831 
f 807//832 808//832 803//832 
f 803//833 808//833 804//833 
f 806//834 809//834 810//834 
f 805//835 809//835 806//835 
f 811//836 812//836 807//836 
f 807//837 812//837 808//837 
f 810//838 813//838 814//838 
f 809//839 813//839 810//839 
f 811//840 815//840 812//840 
f 813//841 816//841 814//841 
f 814//842 816//842 817//842 
f 816//843 818//843 817//843 
f 819//844 7//844 820//844 
f 820//845 7//845 821//845 
f 821//846 7//846 822//846 
f 822//847 7//847 823//847 
f 823//848 7//848 824//848 
f 824//849 7//849 825//849 
f 825//850 7//850 826//850 
f 826//851 7//851 827//851 
f 827//852 7//852 828//852 
f 828//853 7//853 829//853 
f 829//854 7//854 830//854 
f 830//855 7//855 831//855 
f 831//856 7//856 832//856 
f 832//857 7//857 833//857 
f 833//858 7//858 818//858 
f 818//859 7//859 817//859 
f 817//860 7//860 834//860 
f 834//861 7//861 835//861 
f 836//862 7//862 837//862 
f 837//863 7//863 819//863 
f 7//864 6//864 838//864 
f 7//865 838//865 835//865 
f 12//866 7//866 743//866 
f 743//867 7//867 839//867 
f 839//868 7//868 766//868 
f 766//869 7//869 836//869 
f 766//870 836//870 840//870 
f 766//871 840//871 815//871 
f 766//872 815//872 841//872 
f 766//873 841//873 765//873 
f 841//874 815//874 811//874 
f 10//875 12//875 842//875 
f 842//876 12//876 725//876 
f 843//877 844//877 845//877 
f 843//878 846//878 844//878 
f 843//879 847//879 846//879 
f 848//880 849//880 850//880 
f 850//881 849//881 851//881 
f 851//882 849//882 852//882 
f 852//883 849//883 853//883 
f 853//884 849//884 854//884 
f 854//885 849//885 843//885 
f 843//886 849//886 847//886 
f 849//887 855//887 856//887 
f 857//888 858//888 859//888 
f 860//889 858//889 857//889 
f 861//890 858//890 860//890 
f 862//891 863//891 864//891 
f 858//892 863//892 865//892 
f 865//893 863//893 866//893 
f 866//894 863//894 867//894 
f 867//895 863//895 868//895 
f 868//896 863//896 869//896 
f 869//897 863//897 870//897 
f 870//898 863//898 871//898 
f 861//899 863//899 858//899 
f 872//900 16//900 873//900 
f 873//901 16//901 874//901 
f 874//902 16//902 875//902 
f 875//903 16//903 876//903 
f 876//904 16//904 848//904 
f 848//905 16//905 849//905 
f 16//906 877//906 849//906 
f 878//907 877//907 879//907 
f 880//908 877//908 878//908 
f 855//909 877//909 880//909 
f 881//910 877//910 862//910 
f 882//911 877//911 881//911 
f 879//912 877//912 882//912 
f 849//913 877//913 855//913 
f 862//914 877//914 863//914 
f 877//915 883//915 863//915 
f 20//916 884//916 883//916 
f 20//917 885//917 884//917 
f 20//918 886//918 885//918 
f 885//919 887//919 884//919 
f 20//920 888//920 886//920 
f 887//921 889//921 884//921 
f 20//922 890//922 888//922 
f 889//923 891//923 884//923 
f 20//924 892//924 890//924 
f 891//925 893//925 884//925 
f 20//926 894//926 892//926 
f 893//927 895//927 884//927 
f 895//928 896//928 884//928 
f 896//929 897//929 884//929 
f 896//930 898//930 897//930 
f 896//931 899//931 898//931 
f 896//932 900//932 899//932 
f 884//933 901//933 883//933 
f 902//934 901//934 884//934 
f 901//935 903//935 883//935 
f 903//936 904//936 883//936 
f 904//937 905//937 883//937 
f 905//938 906//938 883//938 
f 906//939 907//939 883//939 
f 907//940 908//940 883//940 
f 883//941 909//941 863//941 
f 908//942 909//942 883//942 
f 910//943 909//943 908//943 
f 863//944 909//944 871//944 
f 911//945 912//945 913//945 
f 914//946 912//946 911//946 
f 915//947 912//947 914//947 
f 913//948 912//948 909//948 
f 912//949 916//949 909//949 
f 916//950 917//950 909//950 
f 917//951 918//951 909//951 
f 918//952 919//952 909//952 
f 919//953 920//953 909//953 
f 920//954 921//954 909//954 
f 871//955 922//955 923//955 
f 909//956 922//956 871//956 
f 921//957 922//957 909//957 
f 923//958 924//958 925//958 
f 922//959 924//959 923//959 
f 924//960 926//960 925//960 
f 6//961 8//961 927//961 
f 6//962 927//962 928//962 
f 928//963 927//963 929//963 
f 929//964 927//964 930//964 
f 929//965 930//965 931//965 
f 931//966 930//966 932//966 
f 931//967 932//967 926//967 
f 926//968 932//968 925//968 
f 20//969 10//969 933//969 
f 20//970 933//970 894//970 
f 9//971 16//971 934//971 
f 934//972 16//972 872//972 
f 15//973 14//973 16//973 
f 14//974 13//974 16//974 
f 13//975 17//975 16//975 
f 19//976 20//976 18//976 
f 18//977 20//977 17//977 
f 17//978 20//978 16//978 
f 89//979 61//979 603//979 
f 89//980 603//980 605//980 
f 83//981 605//981 606//981 
f 83//982 89//982 605//982 
f 84//983 606//983 610//983 
f 84//984 83//984 606//984 
f 76//985 610//985 567//985 
f 76//986 567//986 569//986 
f 76//987 84//987 610//987 
f 77//988 76//988 569//988 
f 78//989 569//989 570//989 
f 78//990 77//990 569//990 
f 70//991 570//991 571//991 
f 70//992 78//992 570//992 
f 71//993 571//993 572//993 
f 71//994 572//994 573//994 
f 71//995 70//995 571//995 
f 65//996 71//996 573//996 
f 66//997 573//997 574//997 
f 66//998 65//998 573//998 
f 67//999 574//999 575//999 
f 67//1000 66//1000 574//1000 
f 68//1001 575//1001 576//1001 
f 68//1002 67//1002 575//1002 
f 73//1003 576//1003 577//1003 
f 73//1004 68//1004 576//1004 
f 74//1005 577//1005 578//1005 
f 74//1006 73//1006 577//1006 
f 80//1007 578//1007 579//1007 
f 80//1008 74//1008 578//1008 
f 81//1009 579//1009 580//1009 
f 81//1010 80//1010 579//1010 
f 86//1011 580//1011 581//1011 
f 86//1012 581//1012 608//1012 
f 86//1013 81//1013 580//1013 
f 87//1014 86//1014 608//1014 
f 91//1015 608//1015 615//1015 
f 91//1016 87//1016 608//1016 
f 97//1017 615//1017 616//1017 
f 97//1018 91//1018 615//1018 
f 98//1019 616//1019 618//1019 
f 98//1020 618//1020 620//1020 
f 98//1021 97//1021 616//1021 
f 104//1022 98//1022 620//1022 
f 38//1023 104//1023 620//1023 
f 38//1024 620//1024 566//1024 
f 36//1025 38//1025 566//1025 
f 36//1026 566//1026 564//1026 
f 34//1027 36//1027 564//1027 
f 34//1028 564//1028 562//1028 
f 34//1029 562//1029 560//1029 
f 32//1030 34//1030 560//1030 
f 30//1031 32//1031 560//1031 
f 30//1032 560//1032 558//1032 
f 30//1033 558//1033 556//1033 
f 28//1034 30//1034 556//1034 
f 28//1035 556//1035 554//1035 
f 26//1036 28//1036 554//1036 
f 24//1037 26//1037 554//1037 
f 24//1038 554//1038 552//1038 
f 21//1039 24//1039 552//1039 
f 21//1040 552//1040 550//1040 
f 21//1041 550//1041 549//1041 
f 22//1042 21//1042 549//1042 
f 23//1043 549//1043 551//1043 
f 23//1044 22//1044 549//1044 
f 25//1045 551//1045 553//1045 
f 25//1046 553//1046 555//1046 
f 25//1047 23//1047 551//1047 
f 27//1048 25//1048 555//1048 
f 29//1049 555//1049 557//1049 
f 29//1050 557//1050 559//1050 
f 29//1051 27//1051 555//1051 
f 31//1052 29//1052 559//1052 
f 33//1053 559//1053 561//1053 
f 33//1054 31//1054 559//1054 
f 35//1055 561//1055 563//1055 
f 35//1056 563//1056 565//1056 
f 35//1057 33//1057 561//1057 
f 37//1058 35//1058 565//1058 
f 39//1059 565//1059 589//1059 
f 39//1060 589//1060 582//1060 
f 39//1061 37//1061 565//1061 
f 50//1062 39//1062 582//1062 
f 46//1063 582//1063 584//1063 
f 46//1064 50//1064 582//1064 
f 41//1065 584//1065 586//1065 
f 41//1066 586//1066 587//1066 
f 41//1067 46//1067 584//1067 
f 42//1068 41//1068 587//1068 
f 44//1069 587//1069 591//1069 
f 44//1070 591//1070 594//1070 
f 44//1071 42//1071 587//1071 
f 48//1072 44//1072 594//1072 
f 52//1073 594//1073 597//1073 
f 52//1074 48//1074 594//1074 
f 55//1075 52//1075 597//1075 
f 55//1076 597//1076 600//1076 
f 55//1077 600//1077 602//1077 
f 58//1078 55//1078 602//1078 
f 61//1079 58//1079 602//1079 
f 61//1080 602//1080 603//1080 
f 127//1081 131//1081 935//1081 
f 127//1082 935//1082 936//1082 
f 128//1083 936//1083 937//1083 
f 128//1084 127//1084 936//1084 
f 122//1085 937//1085 938//1085 
f 122//1086 128//1086 937//1086 
f 123//1087 938//1087 939//1087 
f 123//1088 939//1088 940//1088 
f 123//1089 122//1089 938//1089 
f 124//1090 123//1090 940//1090 
f 125//1091 940//1091 941//1091 
f 125//1092 124//1092 940//1092 
f 117//1093 941//1093 942//1093 
f 117//1094 125//1094 941//1094 
f 118//1095 942//1095 943//1095 
f 118//1096 943//1096 944//1096 
f 118//1097 117//1097 942//1097 
f 119//1098 118//1098 944//1098 
f 120//1099 944//1099 945//1099 
f 120//1100 119//1100 944//1100 
f 112//1101 945//1101 946//1101 
f 112//1102 120//1102 945//1102 
f 113//1103 946//1103 947//1103 
f 113//1104 112//1104 946//1104 
f 114//1105 947//1105 948//1105 
f 114//1106 113//1106 947//1106 
f 115//1107 948//1107 949//1107 
f 115//1108 114//1108 948//1108 
f 106//1109 949//1109 950//1109 
f 106//1110 115//1110 949//1110 
f 107//1111 950//1111 951//1111 
f 107//1112 106//1112 950//1112 
f 108//1113 951//1113 952//1113 
f 108//1114 952//1114 953//1114 
f 108//1115 107//1115 951//1115 
f 109//1116 108//1116 953//1116 
f 100//1117 953//1117 954//1117 
f 100//1118 109//1118 953//1118 
f 101//1119 954//1119 955//1119 
f 101//1120 100//1120 954//1120 
f 102//1121 955//1121 956//1121 
f 102//1122 956//1122 957//1122 
f 102//1123 101//1123 955//1123 
f 93//1124 102//1124 957//1124 
f 94//1125 93//1125 957//1125 
f 94//1126 957//1126 958//1126 
f 95//1127 94//1127 958//1127 
f 95//1128 958//1128 959//1128 
f 63//1129 95//1129 959//1129 
f 63//1130 959//1130 960//1130 
f 63//1131 960//1131 961//1131 
f 60//1132 63//1132 961//1132 
f 57//1133 60//1133 961//1133 
f 57//1134 961//1134 962//1134 
f 57//1135 962//1135 963//1135 
f 54//1136 57//1136 963//1136 
f 54//1137 963//1137 964//1137 
f 51//1138 54//1138 964//1138 
f 47//1139 51//1139 964//1139 
f 47//1140 964//1140 965//1140 
f 43//1141 47//1141 965//1141 
f 43//1142 965//1142 966//1142 
f 43//1143 966//1143 967//1143 
f 40//1144 43//1144 967//1144 
f 45//1145 967//1145 968//1145 
f 45//1146 40//1146 967//1146 
f 49//1147 968//1147 969//1147 
f 49//1148 969//1148 970//1148 
f 49//1149 45//1149 968//1149 
f 53//1150 49//1150 970//1150 
f 56//1151 970//1151 971//1151 
f 56//1152 971//1152 972//1152 
f 56//1153 53//1153 970//1153 
f 59//1154 56//1154 972//1154 
f 62//1155 972//1155 973//1155 
f 62//1156 59//1156 972//1156 
f 544//1157 973//1157 974//1157 
f 544//1158 974//1158 975//1158 
f 544//1159 62//1159 973//1159 
f 545//1160 544//1160 975//1160 
f 546//1161 975//1161 976//1161 
f 546//1162 976//1162 977//1162 
f 546//1163 545//1163 975//1163 
f 263//1164 546//1164 977//1164 
f 261//1165 977//1165 978//1165 
f 261//1166 263//1166 977//1166 
f 257//1167 978//1167 979//1167 
f 257//1168 979//1168 980//1168 
f 257//1169 261//1169 978//1169 
f 258//1170 257//1170 980//1170 
f 138//1171 980//1171 981//1171 
f 138//1172 981//1172 982//1172 
f 138//1173 258//1173 980//1173 
f 136//1174 138//1174 982//1174 
f 133//1175 982//1175 983//1175 
f 133//1176 136//1176 982//1176 
f 134//1177 133//1177 983//1177 
f 134//1178 983//1178 984//1178 
f 134//1179 984//1179 985//1179 
f 130//1180 134//1180 985//1180 
f 131//1181 130//1181 985//1181 
f 131//1182 985//1182 935//1182 
f 72//1183 69//1183 64//1183 
f 85//1184 72//1184 79//1184 
f 88//1185 82//1185 75//1185 
f 96//1186 85//1186 90//1186 
f 99//1187 75//1187 69//1187 
f 99//1188 92//1188 88//1188 
f 99//1189 88//1189 75//1189 
f 110//1190 96//1190 103//1190 
f 110//1191 85//1191 96//1191 
f 110//1192 72//1192 85//1192 
f 116//1193 105//1193 99//1193 
f 116//1194 111//1194 105//1194 
f 116//1195 99//1195 69//1195 
f 141//1196 110//1196 146//1196 
f 129//1197 121//1197 116//1197 
f 129//1198 126//1198 121//1198 
f 144//1199 141//1199 140//1199 
f 144//1200 72//1200 110//1200 
f 144//1201 110//1201 141//1201 
f 135//1202 129//1202 116//1202 
f 135//1203 132//1203 129//1203 
f 154//1204 144//1204 150//1204 
f 137//1205 135//1205 116//1205 
f 161//1206 154//1206 157//1206 
f 270//1207 266//1207 137//1207 
f 182//1208 144//1208 154//1208 
f 182//1209 161//1209 173//1209 
f 182//1210 154//1210 161//1210 
f 200//1211 182//1211 189//1211 
f 194//1212 137//1212 116//1212 
f 194//1213 72//1213 144//1213 
f 194//1214 182//1214 200//1214 
f 194//1215 270//1215 137//1215 
f 194//1216 144//1216 182//1216 
f 194//1217 271//1217 270//1217 
f 194//1218 69//1218 72//1218 
f 194//1219 116//1219 69//1219 
f 291//1220 284//1220 279//1220 
f 291//1221 290//1221 284//1221 
f 310//1222 297//1222 291//1222 
f 215//1223 193//1223 204//1223 
f 327//1224 311//1224 310//1224 
f 240//1225 215//1225 228//1225 
f 331//1226 310//1226 291//1226 
f 331//1227 327//1227 310//1227 
f 245//1228 193//1228 215//1228 
f 245//1229 215//1229 240//1229 
f 252//1230 245//1230 249//1230 
f 252//1231 193//1231 245//1231 
f 365//1232 355//1232 331//1232 
f 388//1233 331//1233 291//1233 
f 388//1234 365//1234 331//1234 
f 254//1235 194//1235 193//1235 
f 254//1236 271//1236 194//1236 
f 254//1237 291//1237 279//1237 
f 254//1238 279//1238 271//1238 
f 254//1239 388//1239 291//1239 
f 254//1240 193//1240 252//1240 
f 210//1241 191//1241 672//1241 
f 210//1242 672//1242 674//1242 
f 213//1243 674//1243 675//1243 
f 213//1244 210//1244 674//1244 
f 217//1245 675//1245 677//1245 
f 217//1246 213//1246 675//1246 
f 220//1247 677//1247 679//1247 
f 220//1248 217//1248 677//1248 
f 223//1249 679//1249 681//1249 
f 223//1250 220//1250 679//1250 
f 226//1251 681//1251 683//1251 
f 226//1252 223//1252 681//1252 
f 230//1253 683//1253 685//1253 
f 230//1254 685//1254 686//1254 
f 230//1255 226//1255 683//1255 
f 233//1256 230//1256 686//1256 
f 236//1257 686//1257 688//1257 
f 236//1258 233//1258 686//1258 
f 188//1259 688//1259 690//1259 
f 188//1260 236//1260 688//1260 
f 187//1261 690//1261 663//1261 
f 187//1262 188//1262 690//1262 
f 186//1263 663//1263 662//1263 
f 186//1264 662//1264 661//1264 
f 186//1265 187//1265 663//1265 
f 185//1266 186//1266 661//1266 
f 181//1267 661//1267 660//1267 
f 181//1268 185//1268 661//1268 
f 180//1269 660//1269 659//1269 
f 180//1270 181//1270 660//1270 
f 179//1271 659//1271 658//1271 
f 179//1272 658//1272 656//1272 
f 179//1273 180//1273 659//1273 
f 177//1274 179//1274 656//1274 
f 175//1275 656//1275 654//1275 
f 175//1276 177//1276 656//1276 
f 172//1277 654//1277 652//1277 
f 172//1278 652//1278 644//1278 
f 172//1279 175//1279 654//1279 
f 164//1280 172//1280 644//1280 
f 165//1281 644//1281 645//1281 
f 165//1282 164//1282 644//1282 
f 166//1283 645//1283 646//1283 
f 166//1284 646//1284 647//1284 
f 166//1285 165//1285 645//1285 
f 167//1286 166//1286 647//1286 
f 168//1287 167//1287 647//1287 
f 168//1288 647//1288 648//1288 
f 169//1289 168//1289 648//1289 
f 169//1290 648//1290 649//1290 
f 170//1291 169//1291 649//1291 
f 170//1292 649//1292 650//1292 
f 170//1293 650//1293 651//1293 
f 171//1294 170//1294 651//1294 
f 151//1295 171//1295 651//1295 
f 151//1296 651//1296 634//1296 
f 148//1297 151//1297 634//1297 
f 148//1298 634//1298 632//1298 
f 145//1299 148//1299 632//1299 
f 145//1300 632//1300 628//1300 
f 145//1301 628//1301 623//1301 
f 142//1302 145//1302 623//1302 
f 139//1303 623//1303 622//1303 
f 139//1304 142//1304 623//1304 
f 139//1305 622//1305 626//1305 
f 143//1306 139//1306 626//1306 
f 147//1307 626//1307 630//1307 
f 147//1308 143//1308 626//1308 
f 149//1309 630//1309 633//1309 
f 149//1310 633//1310 635//1310 
f 149//1311 147//1311 630//1311 
f 152//1312 149//1312 635//1312 
f 153//1313 635//1313 636//1313 
f 153//1314 636//1314 637//1314 
f 153//1315 152//1315 635//1315 
f 155//1316 153//1316 637//1316 
f 156//1317 637//1317 638//1317 
f 156//1318 155//1318 637//1318 
f 158//1319 638//1319 639//1319 
f 158//1320 156//1320 638//1320 
f 159//1321 639//1321 640//1321 
f 159//1322 158//1322 639//1322 
f 160//1323 640//1323 641//1323 
f 160//1324 159//1324 640//1324 
f 162//1325 641//1325 642//1325 
f 162//1326 642//1326 643//1326 
f 162//1327 160//1327 641//1327 
f 163//1328 162//1328 643//1328 
f 174//1329 643//1329 653//1329 
f 174//1330 163//1330 643//1330 
f 176//1331 653//1331 655//1331 
f 176//1332 655//1332 657//1332 
f 176//1333 174//1333 653//1333 
f 178//1334 657//1334 665//1334 
f 178//1335 176//1335 657//1335 
f 183//1336 178//1336 665//1336 
f 184//1337 183//1337 665//1337 
f 184//1338 665//1338 666//1338 
f 184//1339 666//1339 671//1339 
f 190//1340 184//1340 671//1340 
f 191//1341 190//1341 671//1341 
f 191//1342 671//1342 672//1342 
f 248//1343 247//1343 986//1343 
f 248//1344 986//1344 987//1344 
f 250//1345 987//1345 988//1345 
f 250//1346 248//1346 987//1346 
f 251//1347 988//1347 989//1347 
f 251//1348 250//1348 988//1348 
f 253//1349 989//1349 990//1349 
f 253//1350 251//1350 989//1350 
f 255//1351 990//1351 991//1351 
f 255//1352 253//1352 990//1352 
f 446//1353 991//1353 992//1353 
f 446//1354 255//1354 991//1354 
f 450//1355 992//1355 993//1355 
f 450//1356 993//1356 994//1356 
f 450//1357 446//1357 992//1357 
f 453//1358 450//1358 994//1358 
f 456//1359 994//1359 995//1359 
f 456//1360 453//1360 994//1360 
f 543//1361 995//1361 996//1361 
f 543//1362 456//1362 995//1362 
f 542//1363 996//1363 997//1363 
f 542//1364 543//1364 996//1364 
f 541//1365 997//1365 998//1365 
f 541//1366 998//1366 999//1366 
f 541//1367 542//1367 997//1367 
f 246//1368 541//1368 999//1368 
f 243//1369 999//1369 1000//1369 
f 243//1370 246//1370 999//1370 
f 241//1371 1000//1371 1001//1371 
f 241//1372 243//1372 1000//1372 
f 238//1373 1001//1373 1002//1373 
f 238//1374 1002//1374 1003//1374 
f 238//1375 241//1375 1001//1375 
f 235//1376 238//1376 1003//1376 
f 232//1377 1003//1377 1004//1377 
f 232//1378 235//1378 1003//1378 
f 229//1379 1004//1379 1005//1379 
f 229//1380 1005//1380 1006//1380 
f 229//1381 232//1381 1004//1381 
f 225//1382 229//1382 1006//1382 
f 222//1383 1006//1383 1007//1383 
f 222//1384 225//1384 1006//1384 
f 219//1385 1007//1385 1008//1385 
f 219//1386 1008//1386 1009//1386 
f 219//1387 222//1387 1007//1387 
f 216//1388 219//1388 1009//1388 
f 212//1389 216//1389 1009//1389 
f 212//1390 1009//1390 1010//1390 
f 209//1391 212//1391 1010//1391 
f 209//1392 1010//1392 1011//1392 
f 207//1393 209//1393 1011//1393 
f 207//1394 1011//1394 1012//1394 
f 207//1395 1012//1395 1013//1395 
f 205//1396 207//1396 1013//1396 
f 202//1397 205//1397 1013//1397 
f 202//1398 1013//1398 1014//1398 
f 199//1399 202//1399 1014//1399 
f 199//1400 1014//1400 1015//1400 
f 197//1401 199//1401 1015//1401 
f 197//1402 1015//1402 1016//1402 
f 197//1403 1016//1403 1017//1403 
f 195//1404 197//1404 1017//1404 
f 192//1405 1017//1405 1018//1405 
f 192//1406 195//1406 1017//1406 
f 192//1407 1018//1407 1019//1407 
f 196//1408 192//1408 1019//1408 
f 198//1409 1019//1409 1020//1409 
f 198//1410 196//1410 1019//1410 
f 201//1411 1020//1411 1021//1411 
f 201//1412 1021//1412 1022//1412 
f 201//1413 198//1413 1020//1413 
f 203//1414 201//1414 1022//1414 
f 206//1415 1022//1415 1023//1415 
f 206//1416 1023//1416 1024//1416 
f 206//1417 203//1417 1022//1417 
f 208//1418 206//1418 1024//1418 
f 211//1419 1024//1419 1025//1419 
f 211//1420 208//1420 1024//1420 
f 214//1421 1025//1421 1026//1421 
f 214//1422 211//1422 1025//1422 
f 218//1423 1026//1423 1027//1423 
f 218//1424 214//1424 1026//1424 
f 221//1425 1027//1425 1028//1425 
f 221//1426 218//1426 1027//1426 
f 224//1427 1028//1427 1029//1427 
f 224//1428 1029//1428 1030//1428 
f 224//1429 221//1429 1028//1429 
f 227//1430 224//1430 1030//1430 
f 231//1431 1030//1431 1031//1431 
f 231//1432 227//1432 1030//1432 
f 234//1433 1031//1433 1032//1433 
f 234//1434 1032//1434 1033//1434 
f 234//1435 231//1435 1031//1435 
f 237//1436 1033//1436 1034//1436 
f 237//1437 234//1437 1033//1437 
f 239//1438 237//1438 1034//1438 
f 242//1439 239//1439 1034//1439 
f 242//1440 1034//1440 1035//1440 
f 242//1441 1035//1441 1036//1441 
f 244//1442 242//1442 1036//1442 
f 247//1443 244//1443 1036//1443 
f 247//1444 1036//1444 986//1444 
f 324//1445 329//1445 1037//1445 
f 324//1446 1037//1446 1038//1446 
f 325//1447 1038//1447 1039//1447 
f 325//1448 324//1448 1038//1448 
f 319//1449 1039//1449 1040//1449 
f 319//1450 325//1450 1039//1450 
f 320//1451 1040//1451 1041//1451 
f 320//1452 1041//1452 1042//1452 
f 320//1453 319//1453 1040//1453 
f 321//1454 320//1454 1042//1454 
f 322//1455 1042//1455 1043//1455 
f 322//1456 321//1456 1042//1456 
f 313//1457 1043//1457 1044//1457 
f 313//1458 322//1458 1043//1458 
f 314//1459 1044//1459 1045//1459 
f 314//1460 1045//1460 1046//1460 
f 314//1461 313//1461 1044//1461 
f 315//1462 314//1462 1046//1462 
f 316//1463 1046//1463 1047//1463 
f 316//1464 315//1464 1046//1464 
f 305//1465 1047//1465 1048//1465 
f 305//1466 316//1466 1047//1466 
f 306//1467 1048//1467 1049//1467 
f 306//1468 305//1468 1048//1468 
f 307//1469 1049//1469 1050//1469 
f 307//1470 306//1470 1049//1470 
f 308//1471 1050//1471 1051//1471 
f 308//1472 307//1472 1050//1472 
f 299//1473 1051//1473 1052//1473 
f 299//1474 308//1474 1051//1474 
f 300//1475 1052//1475 1053//1475 
f 300//1476 299//1476 1052//1476 
f 301//1477 1053//1477 1054//1477 
f 301//1478 1054//1478 1055//1478 
f 301//1479 300//1479 1053//1479 
f 302//1480 301//1480 1055//1480 
f 293//1481 1055//1481 1056//1481 
f 293//1482 302//1482 1055//1482 
f 294//1483 1056//1483 1057//1483 
f 294//1484 293//1484 1056//1484 
f 295//1485 1057//1485 1058//1485 
f 295//1486 1058//1486 1059//1486 
f 295//1487 294//1487 1057//1487 
f 286//1488 295//1488 1059//1488 
f 287//1489 286//1489 1059//1489 
f 287//1490 1059//1490 1060//1490 
f 288//1491 287//1491 1060//1491 
f 288//1492 1060//1492 1061//1492 
f 281//1493 288//1493 1061//1493 
f 281//1494 1061//1494 1062//1494 
f 281//1495 1062//1495 1063//1495 
f 282//1496 281//1496 1063//1496 
f 276//1497 282//1497 1063//1497 
f 276//1498 1063//1498 1064//1498 
f 276//1499 1064//1499 1065//1499 
f 277//1500 276//1500 1065//1500 
f 277//1501 1065//1501 1066//1501 
f 273//1502 277//1502 1066//1502 
f 268//1503 273//1503 1066//1503 
f 268//1504 1066//1504 1067//1504 
f 259//1505 268//1505 1067//1505 
f 259//1506 1067//1506 1068//1506 
f 259//1507 1068//1507 1069//1507 
f 256//1508 259//1508 1069//1508 
f 260//1509 1069//1509 1070//1509 
f 260//1510 256//1510 1069//1510 
f 262//1511 1070//1511 1071//1511 
f 262//1512 1071//1512 1072//1512 
f 262//1513 260//1513 1070//1513 
f 264//1514 262//1514 1072//1514 
f 548//1515 1072//1515 1073//1515 
f 548//1516 1073//1516 1074//1516 
f 548//1517 264//1517 1072//1517 
f 547//1518 548//1518 1074//1518 
f 366//1519 1074//1519 1075//1519 
f 366//1520 547//1520 1074//1520 
f 367//1521 1075//1521 1076//1521 
f 367//1522 1076//1522 1077//1522 
f 367//1523 366//1523 1075//1523 
f 350//1524 367//1524 1077//1524 
f 346//1525 1077//1525 1078//1525 
f 346//1526 1078//1526 1079//1526 
f 346//1527 350//1527 1077//1527 
f 342//1528 346//1528 1079//1528 
f 338//1529 1079//1529 1080//1529 
f 338//1530 342//1530 1079//1530 
f 333//1531 1080//1531 1081//1531 
f 333//1532 1081//1532 1082//1532 
f 333//1533 338//1533 1080//1533 
f 334//1534 333//1534 1082//1534 
f 336//1535 1082//1535 1083//1535 
f 336//1536 1083//1536 1084//1536 
f 336//1537 334//1537 1082//1537 
f 340//1538 336//1538 1084//1538 
f 344//1539 1084//1539 1085//1539 
f 344//1540 340//1540 1084//1540 
f 348//1541 344//1541 1085//1541 
f 348//1542 1085//1542 1086//1542 
f 348//1543 1086//1543 1087//1543 
f 352//1544 348//1544 1087//1544 
f 329//1545 352//1545 1087//1545 
f 329//1546 1087//1546 1037//1546 
f 390//1547 389//1547 741//1547 
f 390//1548 741//1548 742//1548 
f 391//1549 742//1549 743//1549 
f 391//1550 390//1550 742//1550 
f 392//1551 743//1551 839//1551 
f 392//1552 391//1552 743//1552 
f 412//1553 839//1553 766//1553 
f 412//1554 766//1554 763//1554 
f 412//1555 392//1555 839//1555 
f 410//1556 412//1556 763//1556 
f 407//1557 763//1557 761//1557 
f 407//1558 410//1558 763//1558 
f 408//1559 761//1559 758//1559 
f 408//1560 407//1560 761//1560 
f 404//1561 758//1561 760//1561 
f 404//1562 760//1562 745//1562 
f 404//1563 408//1563 758//1563 
f 405//1564 404//1564 745//1564 
f 401//1565 745//1565 746//1565 
f 401//1566 405//1566 745//1566 
f 402//1567 746//1567 747//1567 
f 402//1568 401//1568 746//1568 
f 398//1569 747//1569 748//1569 
f 398//1570 402//1570 747//1570 
f 399//1571 748//1571 749//1571 
f 399//1572 398//1572 748//1572 
f 394//1573 749//1573 750//1573 
f 394//1574 399//1574 749//1574 
f 395//1575 750//1575 751//1575 
f 395//1576 394//1576 750//1576 
f 384//1577 751//1577 752//1577 
f 384//1578 395//1578 751//1578 
f 385//1579 752//1579 753//1579 
f 385//1580 753//1580 754//1580 
f 385//1581 384//1581 752//1581 
f 386//1582 385//1582 754//1582 
f 376//1583 754//1583 755//1583 
f 376//1584 386//1584 754//1584 
f 363//1585 755//1585 756//1585 
f 363//1586 376//1586 755//1586 
f 361//1587 756//1587 757//1587 
f 361//1588 757//1588 724//1588 
f 361//1589 363//1589 756//1589 
f 360//1590 361//1590 724//1590 
f 359//1591 360//1591 724//1591 
f 359//1592 724//1592 723//1592 
f 357//1593 359//1593 723//1593 
f 357//1594 723//1594 722//1594 
f 356//1595 357//1595 722//1595 
f 356//1596 722//1596 721//1596 
f 356//1597 721//1597 720//1597 
f 353//1598 356//1598 720//1598 
f 351//1599 353//1599 720//1599 
f 351//1600 720//1600 718//1600 
f 351//1601 718//1601 715//1601 
f 347//1602 351//1602 715//1602 
f 347//1603 715//1603 712//1603 
f 343//1604 347//1604 712//1604 
f 339//1605 343//1605 712//1605 
f 339//1606 712//1606 708//1606 
f 335//1607 339//1607 708//1607 
f 335//1608 708//1608 704//1608 
f 335//1609 704//1609 702//1609 
f 332//1610 335//1610 702//1610 
f 337//1611 702//1611 707//1611 
f 337//1612 332//1612 702//1612 
f 341//1613 707//1613 711//1613 
f 341//1614 711//1614 714//1614 
f 341//1615 337//1615 707//1615 
f 345//1616 341//1616 714//1616 
f 349//1617 714//1617 717//1617 
f 349//1618 717//1618 727//1618 
f 349//1619 345//1619 714//1619 
f 368//1620 349//1620 727//1620 
f 369//1621 727//1621 728//1621 
f 369//1622 368//1622 727//1622 
f 370//1623 728//1623 729//1623 
f 370//1624 729//1624 730//1624 
f 370//1625 369//1625 728//1625 
f 371//1626 370//1626 730//1626 
f 372//1627 730//1627 731//1627 
f 372//1628 731//1628 732//1628 
f 372//1629 371//1629 730//1629 
f 373//1630 372//1630 732//1630 
f 374//1631 732//1631 733//1631 
f 374//1632 373//1632 732//1632 
f 375//1633 733//1633 734//1633 
f 375//1634 734//1634 735//1634 
f 375//1635 374//1635 733//1635 
f 377//1636 375//1636 735//1636 
f 378//1637 735//1637 736//1637 
f 378//1638 736//1638 737//1638 
f 378//1639 377//1639 735//1639 
f 379//1640 378//1640 737//1640 
f 380//1641 737//1641 738//1641 
f 380//1642 379//1642 737//1642 
f 381//1643 380//1643 738//1643 
f 381//1644 738//1644 739//1644 
f 381//1645 739//1645 740//1645 
f 382//1646 381//1646 740//1646 
f 389//1647 382//1647 740//1647 
f 389//1648 740//1648 741//1648 
f 274//1649 265//1649 269//1649 
f 274//1650 267//1650 265//1650 
f 280//1651 275//1651 272//1651 
f 283//1652 274//1652 278//1652 
f 283//1653 267//1653 274//1653 
f 285//1654 272//1654 267//1654 
f 285//1655 280//1655 272//1655 
f 296//1656 283//1656 289//1656 
f 312//1657 298//1657 292//1657 
f 312//1658 304//1658 298//1658 
f 317//1659 303//1659 309//1659 
f 323//1660 292//1660 285//1660 
f 323//1661 318//1661 312//1661 
f 323//1662 312//1662 292//1662 
f 330//1663 317//1663 326//1663 
f 330//1664 296//1664 303//1664 
f 330//1665 303//1665 317//1665 
f 364//1666 330//1666 354//1666 
f 364//1667 296//1667 330//1667 
f 383//1668 328//1668 323//1668 
f 383//1669 358//1669 328//1669 
f 383//1670 362//1670 358//1670 
f 396//1671 296//1671 364//1671 
f 396//1672 364//1672 387//1672 
f 396//1673 267//1673 283//1673 
f 396//1674 283//1674 296//1674 
f 400//1675 383//1675 323//1675 
f 400//1676 393//1676 383//1676 
f 400//1677 397//1677 393//1677 
f 430//1678 441//1678 435//1678 
f 430//1679 396//1679 441//1679 
f 422//1680 396//1680 430//1680 
f 422//1681 267//1681 396//1681 
f 411//1682 403//1682 400//1682 
f 411//1683 406//1683 403//1683 
f 411//1684 409//1684 406//1684 
f 426//1685 416//1685 415//1685 
f 426//1686 422//1686 416//1686 
f 437//1687 267//1687 422//1687 
f 437//1688 422//1688 426//1688 
f 507//1689 511//1689 413//1689 
f 507//1690 413//1690 411//1690 
f 460//1691 437//1691 448//1691 
f 500//1692 507//1692 411//1692 
f 463//1693 323//1693 285//1693 
f 463//1694 267//1694 437//1694 
f 463//1695 437//1695 460//1695 
f 463//1696 285//1696 267//1696 
f 480//1697 493//1697 500//1697 
f 480//1698 486//1698 493//1698 
f 480//1699 400//1699 323//1699 
f 480//1700 411//1700 400//1700 
f 480//1701 500//1701 411//1701 
f 475//1702 471//1702 467//1702 
f 475//1703 463//1703 471//1703 
f 475//1704 480//1704 323//1704 
f 475//1705 323//1705 463//1705 
f 466//1706 475//1706 467//1706 
f 484//1707 464//1707 1088//1707 
f 484//1708 1088//1708 1089//1708 
f 488//1709 1089//1709 1090//1709 
f 488//1710 484//1710 1089//1710 
f 491//1711 1090//1711 1091//1711 
f 491//1712 488//1712 1090//1712 
f 495//1713 1091//1713 1092//1713 
f 495//1714 491//1714 1091//1714 
f 498//1715 1092//1715 1093//1715 
f 498//1716 495//1716 1092//1716 
f 502//1717 1093//1717 1094//1717 
f 502//1718 498//1718 1093//1718 
f 505//1719 1094//1719 1095//1719 
f 505//1720 1095//1720 1096//1720 
f 505//1721 502//1721 1094//1721 
f 509//1722 505//1722 1096//1722 
f 513//1723 1096//1723 1097//1723 
f 513//1724 509//1724 1096//1724 
f 516//1725 1097//1725 1098//1725 
f 516//1726 513//1726 1097//1726 
f 519//1727 1098//1727 1099//1727 
f 519//1728 516//1728 1098//1728 
f 523//1729 1099//1729 1100//1729 
f 523//1730 1100//1730 1101//1730 
f 523//1731 519//1731 1099//1731 
f 524//1732 523//1732 1101//1732 
f 539//1733 1101//1733 1102//1733 
f 539//1734 524//1734 1101//1734 
f 540//1735 1102//1735 1103//1735 
f 540//1736 539//1736 1102//1736 
f 458//1737 1103//1737 1104//1737 
f 458//1738 1104//1738 1105//1738 
f 458//1739 540//1739 1103//1739 
f 455//1740 458//1740 1105//1740 
f 452//1741 1105//1741 1106//1741 
f 452//1742 455//1742 1105//1742 
f 449//1743 1106//1743 1107//1743 
f 449//1744 1107//1744 1108//1744 
f 449//1745 452//1745 1106//1745 
f 445//1746 449//1746 1108//1746 
f 443//1747 1108//1747 1109//1747 
f 443//1748 445//1748 1108//1748 
f 440//1749 1109//1749 1110//1749 
f 440//1750 1110//1750 1111//1750 
f 440//1751 443//1751 1109//1751 
f 438//1752 440//1752 1111//1752 
f 434//1753 438//1753 1111//1753 
f 434//1754 1111//1754 1112//1754 
f 432//1755 434//1755 1112//1755 
f 432//1756 1112//1756 1113//1756 
f 429//1757 432//1757 1113//1757 
f 429//1758 1113//1758 1114//1758 
f 429//1759 1114//1759 1115//1759 
f 427//1760 429//1760 1115//1760 
f 424//1761 427//1761 1115//1761 
f 424//1762 1115//1762 1116//1762 
f 421//1763 424//1763 1116//1763 
f 421//1764 1116//1764 1117//1764 
f 419//1765 421//1765 1117//1765 
f 419//1766 1117//1766 1118//1766 
f 419//1767 1118//1767 1119//1767 
f 417//1768 419//1768 1119//1768 
f 414//1769 1119//1769 1120//1769 
f 414//1770 417//1770 1119//1770 
f 414//1771 1120//1771 1121//1771 
f 418//1772 414//1772 1121//1772 
f 420//1773 1121//1773 1122//1773 
f 420//1774 418//1774 1121//1774 
f 423//1775 1122//1775 1123//1775 
f 423//1776 1123//1776 1124//1776 
f 423//1777 420//1777 1122//1777 
f 425//1778 423//1778 1124//1778 
f 428//1779 1124//1779 1125//1779 
f 428//1780 1125//1780 1126//1780 
f 428//1781 425//1781 1124//1781 
f 431//1782 428//1782 1126//1782 
f 433//1783 1126//1783 1127//1783 
f 433//1784 431//1784 1126//1784 
f 436//1785 1127//1785 1128//1785 
f 436//1786 433//1786 1127//1786 
f 439//1787 1128//1787 1129//1787 
f 439//1788 436//1788 1128//1788 
f 442//1789 1129//1789 1130//1789 
f 442//1790 439//1790 1129//1790 
f 444//1791 1130//1791 1131//1791 
f 444//1792 1131//1792 1132//1792 
f 444//1793 442//1793 1130//1793 
f 447//1794 444//1794 1132//1794 
f 451//1795 1132//1795 1133//1795 
f 451//1796 447//1796 1132//1796 
f 454//1797 1133//1797 1134//1797 
f 454//1798 1134//1798 1135//1798 
f 454//1799 451//1799 1133//1799 
f 457//1800 1135//1800 1136//1800 
f 457//1801 454//1801 1135//1801 
f 459//1802 457//1802 1136//1802 
f 461//1803 459//1803 1136//1803 
f 461//1804 1136//1804 1137//1804 
f 461//1805 1137//1805 1138//1805 
f 462//1806 461//1806 1138//1806 
f 464//1807 462//1807 1138//1807 
f 464//1808 1138//1808 1088//1808 
f 525//1809 522//1809 819//1809 
f 525//1810 819//1810 820//1810 
f 526//1811 820//1811 821//1811 
f 526//1812 525//1812 820//1812 
f 527//1813 821//1813 822//1813 
f 527//1814 526//1814 821//1814 
f 528//1815 822//1815 823//1815 
f 528//1816 527//1816 822//1816 
f 529//1817 823//1817 824//1817 
f 529//1818 528//1818 823//1818 
f 530//1819 824//1819 825//1819 
f 530//1820 529//1820 824//1820 
f 531//1821 825//1821 826//1821 
f 531//1822 826//1822 827//1822 
f 531//1823 530//1823 825//1823 
f 532//1824 531//1824 827//1824 
f 533//1825 827//1825 828//1825 
f 533//1826 532//1826 827//1826 
f 534//1827 828//1827 829//1827 
f 534//1828 533//1828 828//1828 
f 535//1829 829//1829 830//1829 
f 535//1830 534//1830 829//1830 
f 536//1831 830//1831 831//1831 
f 536//1832 831//1832 832//1832 
f 536//1833 535//1833 830//1833 
f 537//1834 536//1834 832//1834 
f 538//1835 832//1835 833//1835 
f 538//1836 537//1836 832//1836 
f 518//1837 833//1837 818//1837 
f 518//1838 538//1838 833//1838 
f 515//1839 818//1839 816//1839 
f 515//1840 816//1840 813//1840 
f 515//1841 518//1841 818//1841 
f 512//1842 515//1842 813//1842 
f 508//1843 813//1843 809//1843 
f 508//1844 512//1844 813//1844 
f 504//1845 809//1845 805//1845 
f 504//1846 805//1846 801//1846 
f 504//1847 508//1847 809//1847 
f 501//1848 504//1848 801//1848 
f 497//1849 801//1849 798//1849 
f 497//1850 501//1850 801//1850 
f 494//1851 798//1851 795//1851 
f 494//1852 795//1852 792//1852 
f 494//1853 497//1853 798//1853 
f 490//1854 494//1854 792//1854 
f 487//1855 490//1855 792//1855 
f 487//1856 792//1856 789//1856 
f 483//1857 487//1857 789//1857 
f 483//1858 789//1858 786//1858 
f 481//1859 483//1859 786//1859 
f 481//1860 786//1860 784//1860 
f 481//1861 784//1861 782//1861 
f 478//1862 481//1862 782//1862 
f 476//1863 478//1863 782//1863 
f 476//1864 782//1864 780//1864 
f 473//1865 476//1865 780//1865 
f 473//1866 780//1866 778//1866 
f 470//1867 473//1867 778//1867 
f 470//1868 778//1868 776//1868 
f 470//1869 776//1869 773//1869 
f 468//1870 470//1870 773//1870 
f 465//1871 773//1871 772//1871 
f 465//1872 468//1872 773//1872 
f 465//1873 772//1873 775//1873 
f 469//1874 465//1874 775//1874 
f 472//1875 775//1875 777//1875 
f 472//1876 469//1876 775//1876 
f 474//1877 777//1877 779//1877 
f 474//1878 779//1878 781//1878 
f 474//1879 472//1879 777//1879 
f 477//1880 474//1880 781//1880 
f 479//1881 781//1881 783//1881 
f 479//1882 783//1882 785//1882 
f 479//1883 477//1883 781//1883 
f 482//1884 479//1884 785//1884 
f 485//1885 785//1885 788//1885 
f 485//1886 482//1886 785//1886 
f 489//1887 788//1887 791//1887 
f 489//1888 485//1888 788//1888 
f 492//1889 791//1889 794//1889 
f 492//1890 489//1890 791//1890 
f 496//1891 794//1891 797//1891 
f 496//1892 492//1892 794//1892 
f 499//1893 797//1893 800//1893 
f 499//1894 800//1894 804//1894 
f 499//1895 496//1895 797//1895 
f 503//1896 499//1896 804//1896 
f 506//1897 804//1897 808//1897 
f 506//1898 503//1898 804//1898 
f 510//1899 808//1899 812//1899 
f 510//1900 812//1900 815//1900 
f 510//1901 506//1901 808//1901 
f 514//1902 815//1902 840//1902 
f 514//1903 510//1903 815//1903 
f 517//1904 514//1904 840//1904 
f 520//1905 517//1905 840//1905 
f 520//1906 840//1906 836//1906 
f 520//1907 836//1907 837//1907 
f 521//1908 520//1908 837//1908 
f 522//1909 521//1909 837//1909 
f 522//1910 837//1910 819//1910 
f 1139//1911 604//1911 1140//1911 
f 1140//1912 601//1912 1141//1912 
f 604//1913 601//1913 1140//1913 
f 1141//1914 599//1914 1142//1914 
f 601//1915 599//1915 1141//1915 
f 1142//1916 596//1916 1143//1916 
f 599//1917 596//1917 1142//1917 
f 1143//1918 593//1918 1144//1918 
f 596//1919 593//1919 1143//1919 
f 1144//1920 590//1920 1145//1920 
f 593//1921 590//1921 1144//1921 
f 1145//1922 585//1922 1146//1922 
f 590//1923 585//1923 1145//1923 
f 1146//1924 583//1924 1147//1924 
f 585//1925 583//1925 1146//1925 
f 1147//1926 588//1926 1148//1926 
f 583//1927 588//1927 1147//1927 
f 1148//1928 592//1928 1149//1928 
f 588//1929 592//1929 1148//1929 
f 1149//1930 595//1930 1150//1930 
f 592//1931 595//1931 1149//1931 
f 595//1932 598//1932 1150//1932 
f 1150//1933 598//1933 1151//1933 
f 598//1934 694//1934 1151//1934 
f 1151//1935 694//1935 1152//1935 
f 694//1936 9//1936 1152//1936 
f 1152//1937 9//1937 1153//1937 
f 1153//1938 934//1938 1154//1938 
f 9//1939 934//1939 1153//1939 
f 1154//1940 872//1940 1155//1940 
f 934//1941 872//1941 1154//1941 
f 1155//1942 873//1942 1156//1942 
f 872//1943 873//1943 1155//1943 
f 1156//1944 874//1944 1157//1944 
f 873//1945 874//1945 1156//1945 
f 1157//1946 875//1946 1158//1946 
f 874//1947 875//1947 1157//1947 
f 1158//1948 876//1948 1159//1948 
f 875//1949 876//1949 1158//1949 
f 1159//1950 848//1950 1160//1950 
f 876//1951 848//1951 1159//1951 
f 1160//1952 850//1952 1161//1952 
f 848//1953 850//1953 1160//1953 
f 1161//1954 851//1954 1162//1954 
f 850//1955 851//1955 1161//1955 
f 1162//1956 852//1956 1163//1956 
f 851//1957 852//1957 1162//1957 
f 1163//1958 853//1958 1164//1958 
f 852//1959 853//1959 1163//1959 
f 1164//1960 854//1960 1165//1960 
f 853//1961 854//1961 1164//1961 
f 854//1962 843//1962 1165//1962 
f 613//1963 604//1963 1139//1963 
f 613//1964 1139//1964 1166//1964 
f 879//1965 882//1965 1167//1965 
f 1167//1966 882//1966 1168//1966 
f 882//1967 881//1967 1168//1967 
f 1168//1968 881//1968 1169//1968 
f 881//1969 862//1969 1169//1969 
f 1169//1970 862//1970 1170//1970 
f 862//1971 1171//1971 1170//1971 
f 1170//1972 1171//1972 1172//1972 
f 862//1973 864//1973 1171//1973 
f 1171//1974 1173//1974 1172//1974 
f 1172//1975 1173//1975 1174//1975 
f 1173//1976 1175//1976 1174//1976 
f 1174//1977 1175//1977 1554//1977 
f 1175//1978 1176//1978 1554//1978 
f 1554//1979 1176//1979 1177//1979 
f 1176//1980 1178//1980 1177//1980 
f 1177//1981 1178//1981 1179//1981 
f 1178//1982 1180//1982 1179//1982 
f 1179//1983 1180//1983 1553//1983 
f 1180//1984 1181//1984 1553//1984 
f 1553//1985 1181//1985 1552//1985 
f 1181//1986 1182//1986 1552//1986 
f 1552//1987 1182//1987 1551//1987 
f 1551//1988 1183//1988 1184//1988 
f 1182//1989 1183//1989 1551//1989 
f 861//1990 860//1990 1183//1990 
f 1183//1991 1185//1991 1184//1991 
f 1184//1992 1185//1992 1186//1992 
f 860//1993 857//1993 1183//1993 
f 1183//1994 857//1994 1185//1994 
f 857//1995 859//1995 1185//1995 
f 1185//1996 1187//1996 1186//1996 
f 1186//1997 1187//1997 1188//1997 
f 1188//1998 1189//1998 1190//1998 
f 1187//1999 1189//1999 1188//1999 
f 1189//2000 1191//2000 1190//2000 
f 1190//2001 1192//2001 1193//2001 
f 1191//2002 1192//2002 1190//2002 
f 1193//2003 1194//2003 1195//2003 
f 1192//2004 1194//2004 1193//2004 
f 1195//2005 1196//2005 1197//2005 
f 1194//2006 1196//2006 1195//2006 
f 670//2007 669//2007 1196//2007 
f 1197//2008 1198//2008 1550//2008 
f 669//2009 1198//2009 1196//2009 
f 1196//2010 1198//2010 1197//2010 
f 669//2011 667//2011 1198//2011 
f 667//2012 664//2012 1198//2012 
f 1550//2013 1199//2013 1200//2013 
f 1198//2014 1199//2014 1550//2014 
f 1200//2015 1201//2015 1549//2015 
f 1199//2016 1201//2016 1200//2016 
f 1549//2017 1202//2017 1203//2017 
f 1201//2018 1202//2018 1549//2018 
f 1203//2019 1204//2019 1205//2019 
f 1202//2020 1204//2020 1203//2020 
f 1205//2021 1206//2021 1207//2021 
f 1204//2022 1206//2022 1205//2022 
f 1207//2023 1208//2023 1209//2023 
f 1206//2024 1208//2024 1207//2024 
f 1209//2025 1210//2025 1211//2025 
f 1208//2026 1210//2026 1209//2026 
f 1211//2027 1212//2027 1213//2027 
f 1210//2028 1212//2028 1211//2028 
f 1213//2029 624//2029 1545//2029 
f 627//2030 624//2030 1212//2030 
f 1212//2031 624//2031 1213//2031 
f 1545//2032 625//2032 1214//2032 
f 624//2033 625//2033 1545//2033 
f 1214//2034 629//2034 1215//2034 
f 625//2035 629//2035 1214//2035 
f 629//2036 621//2036 1215//2036 
f 1215//2037 619//2037 1216//2037 
f 621//2038 619//2038 1215//2038 
f 1216//2039 617//2039 1217//2039 
f 619//2040 617//2040 1216//2040 
f 617//2041 614//2041 1217//2041 
f 1217//2042 614//2042 1218//2042 
f 614//2043 1219//2043 1218//2043 
f 1218//2044 1219//2044 1220//2044 
f 614//2045 607//2045 1219//2045 
f 1219//2046 1221//2046 1220//2046 
f 1220//2047 1221//2047 1543//2047 
f 1221//2048 1222//2048 1543//2048 
f 1543//2049 1222//2049 1223//2049 
f 1222//2050 1224//2050 1223//2050 
f 1223//2051 1224//2051 1225//2051 
f 1224//2052 1226//2052 1225//2052 
f 1225//2053 1226//2053 1227//2053 
f 1227//2054 1228//2054 1229//2054 
f 1226//2055 1228//2055 1227//2055 
f 1229//2056 1230//2056 1231//2056 
f 1228//2057 1230//2057 1229//2057 
f 1231//2058 1232//2058 1233//2058 
f 1230//2059 1232//2059 1231//2059 
f 1233//2060 1234//2060 1235//2060 
f 1232//2061 1234//2061 1233//2061 
f 609//2062 611//2062 1234//2062 
f 1235//2063 1166//2063 1236//2063 
f 1234//2064 1166//2064 1235//2064 
f 611//2065 1166//2065 1234//2065 
f 611//2066 612//2066 1166//2066 
f 612//2067 613//2067 1166//2067 
f 1236//2068 1237//2068 1544//2068 
f 1166//2069 1237//2069 1236//2069 
f 1544//2070 1238//2070 1239//2070 
f 1237//2071 1238//2071 1544//2071 
f 1238//2072 1240//2072 1239//2072 
f 1239//2073 1241//2073 1242//2073 
f 1240//2074 1241//2074 1239//2074 
f 1242//2075 1243//2075 1546//2075 
f 1241//2076 1243//2076 1242//2076 
f 1546//2077 1244//2077 1245//2077 
f 1243//2078 1244//2078 1546//2078 
f 845//2079 844//2079 1244//2079 
f 1245//2080 1246//2080 1247//2080 
f 844//2081 1246//2081 1244//2081 
f 1244//2082 1246//2082 1245//2082 
f 844//2083 846//2083 1246//2083 
f 846//2084 847//2084 1246//2084 
f 1247//2085 1248//2085 1547//2085 
f 1246//2086 1248//2086 1247//2086 
f 1547//2087 1249//2087 1250//2087 
f 1248//2088 1249//2088 1547//2088 
f 1250//2089 1251//2089 1252//2089 
f 1249//2090 1251//2090 1250//2090 
f 1252//2091 1253//2091 1548//2091 
f 1251//2092 1253//2092 1252//2092 
f 1548//2093 1254//2093 1255//2093 
f 1253//2094 1254//2094 1548//2094 
f 1254//2095 1256//2095 1255//2095 
f 1255//2096 1256//2096 1257//2096 
f 1256//2097 1258//2097 1257//2097 
f 1257//2098 1258//2098 1259//2098 
f 1258//2099 1260//2099 1259//2099 
f 1259//2100 1260//2100 1261//2100 
f 856//2101 855//2101 1260//2101 
f 1260//2102 855//2102 1261//2102 
f 1261//2103 855//2103 1262//2103 
f 855//2104 880//2104 1262//2104 
f 1262//2105 880//2105 1263//2105 
f 880//2106 878//2106 1263//2106 
f 1263//2107 878//2107 1167//2107 
f 878//2108 879//2108 1167//2108 
f 568//2109 609//2109 1234//2109 
f 568//2110 1234//2110 1264//2110 
f 607//2111 568//2111 1219//2111 
f 1219//2112 568//2112 1264//2112 
f 631//2113 627//2113 1265//2113 
f 1265//2114 627//2114 1212//2114 
f 664//2115 631//2115 1198//2115 
f 1198//2116 631//2116 1265//2116 
f 668//2117 670//2117 1266//2117 
f 1266//2118 670//2118 1196//2118 
f 858//2119 865//2119 1267//2119 
f 1267//2120 865//2120 1268//2120 
f 1268//2121 866//2121 1269//2121 
f 865//2122 866//2122 1268//2122 
f 1269//2123 867//2123 1270//2123 
f 866//2124 867//2124 1269//2124 
f 1270//2125 868//2125 1271//2125 
f 867//2126 868//2126 1270//2126 
f 1271//2127 869//2127 1272//2127 
f 868//2128 869//2128 1271//2128 
f 1272//2129 870//2129 1273//2129 
f 869//2130 870//2130 1272//2130 
f 1273//2131 871//2131 1274//2131 
f 870//2132 871//2132 1273//2132 
f 1274//2133 923//2133 1275//2133 
f 871//2134 923//2134 1274//2134 
f 1275//2135 925//2135 1276//2135 
f 923//2136 925//2136 1275//2136 
f 1276//2137 932//2137 1277//2137 
f 925//2138 932//2138 1276//2138 
f 1277//2139 930//2139 1278//2139 
f 932//2140 930//2140 1277//2140 
f 930//2141 927//2141 1278//2141 
f 1278//2142 927//2142 1279//2142 
f 927//2143 8//2143 1279//2143 
f 1279//2144 8//2144 1280//2144 
f 1280//2145 695//2145 1281//2145 
f 8//2146 695//2146 1280//2146 
f 1281//2147 693//2147 1282//2147 
f 695//2148 693//2148 1281//2148 
f 1282//2149 692//2149 1283//2149 
f 693//2150 692//2150 1282//2150 
f 1283//2151 691//2151 1284//2151 
f 692//2152 691//2152 1283//2152 
f 1284//2153 689//2153 1285//2153 
f 691//2154 689//2154 1284//2154 
f 1285//2155 687//2155 1286//2155 
f 689//2156 687//2156 1285//2156 
f 1286//2157 684//2157 1287//2157 
f 687//2158 684//2158 1286//2158 
f 1287//2159 682//2159 1288//2159 
f 684//2160 682//2160 1287//2160 
f 1288//2161 680//2161 1289//2161 
f 682//2162 680//2162 1288//2162 
f 1289//2163 678//2163 1290//2163 
f 680//2164 678//2164 1289//2164 
f 1290//2165 676//2165 1291//2165 
f 678//2166 676//2166 1290//2166 
f 1291//2167 673//2167 1292//2167 
f 676//2168 673//2168 1291//2168 
f 1292//2169 668//2169 1266//2169 
f 673//2170 668//2170 1292//2170 
f 1293//2171 768//2171 1294//2171 
f 1294//2172 787//2172 1295//2172 
f 768//2173 787//2173 1294//2173 
f 1295//2174 790//2174 1296//2174 
f 787//2175 790//2175 1295//2175 
f 1296//2176 793//2176 1297//2176 
f 790//2177 793//2177 1296//2177 
f 1297//2178 799//2178 1298//2178 
f 793//2179 799//2179 1297//2179 
f 1298//2180 802//2180 1299//2180 
f 799//2181 802//2181 1298//2181 
f 1299//2182 806//2182 1300//2182 
f 802//2183 806//2183 1299//2183 
f 1300//2184 810//2184 1301//2184 
f 806//2185 810//2185 1300//2185 
f 1301//2186 814//2186 1302//2186 
f 810//2187 814//2187 1301//2187 
f 1302//2188 817//2188 1303//2188 
f 814//2189 817//2189 1302//2189 
f 1303//2190 834//2190 1304//2190 
f 817//2191 834//2191 1303//2191 
f 834//2192 835//2192 1304//2192 
f 1304//2193 835//2193 1305//2193 
f 835//2194 838//2194 1305//2194 
f 1305//2195 838//2195 1306//2195 
f 838//2196 6//2196 1306//2196 
f 1306//2197 6//2197 1307//2197 
f 1307//2198 928//2198 1308//2198 
f 6//2199 928//2199 1307//2199 
f 1308//2200 929//2200 1309//2200 
f 928//2201 929//2201 1308//2201 
f 1309//2202 931//2202 1310//2202 
f 929//2203 931//2203 1309//2203 
f 1310//2204 926//2204 1311//2204 
f 931//2205 926//2205 1310//2205 
f 1311//2206 924//2206 1312//2206 
f 926//2207 924//2207 1311//2207 
f 1312//2208 922//2208 1313//2208 
f 924//2209 922//2209 1312//2209 
f 1313//2210 921//2210 1314//2210 
f 922//2211 921//2211 1313//2211 
f 1314//2212 920//2212 1315//2212 
f 921//2213 920//2213 1314//2213 
f 1315//2214 919//2214 1316//2214 
f 920//2215 919//2215 1315//2215 
f 1316//2216 918//2216 1317//2216 
f 919//2217 918//2217 1316//2217 
f 1317//2218 917//2218 1318//2218 
f 918//2219 917//2219 1317//2219 
f 1318//2220 916//2220 1319//2220 
f 917//2221 916//2221 1318//2221 
f 916//2222 912//2222 1319//2222 
f 769//2223 768//2223 1293//2223 
f 769//2224 1293//2224 1320//2224 
f 841//2225 811//2225 1321//2225 
f 1321//2226 811//2226 1322//2226 
f 811//2227 807//2227 1322//2227 
f 1322//2228 807//2228 1323//2228 
f 807//2229 803//2229 1323//2229 
f 1323//2230 803//2230 1566//2230 
f 803//2231 1324//2231 1566//2231 
f 1566//2232 1324//2232 1325//2232 
f 803//2233 796//2233 1324//2233 
f 1324//2234 1326//2234 1325//2234 
f 1325//2235 1326//2235 1327//2235 
f 1326//2236 1328//2236 1327//2236 
f 1327//2237 1328//2237 1329//2237 
f 1328//2238 1330//2238 1329//2238 
f 1329//2239 1330//2239 1331//2239 
f 1330//2240 1332//2240 1331//2240 
f 1331//2241 1332//2241 1333//2241 
f 1332//2242 1334//2242 1333//2242 
f 1333//2243 1334//2243 1335//2243 
f 1334//2244 1336//2244 1335//2244 
f 1335//2245 1336//2245 1337//2245 
f 1336//2246 1338//2246 1337//2246 
f 1337//2247 1338//2247 1339//2247 
f 1339//2248 1340//2248 1341//2248 
f 1338//2249 1340//2249 1339//2249 
f 771//2250 770//2250 1340//2250 
f 1340//2251 1320//2251 1341//2251 
f 770//2252 1320//2252 1340//2252 
f 1341//2253 1320//2253 1342//2253 
f 770//2254 767//2254 1320//2254 
f 767//2255 769//2255 1320//2255 
f 1320//2256 1343//2256 1342//2256 
f 1342//2257 1343//2257 1344//2257 
f 1344//2258 1345//2258 1346//2258 
f 1343//2259 1345//2259 1344//2259 
f 1345//2260 1347//2260 1346//2260 
f 1346//2261 1348//2261 1349//2261 
f 1347//2262 1348//2262 1346//2262 
f 1349//2263 1350//2263 1351//2263 
f 1348//2264 1350//2264 1349//2264 
f 1351//2265 1352//2265 1353//2265 
f 1350//2266 1352//2266 1351//2266 
f 915//2267 914//2267 1352//2267 
f 1353//2268 1354//2268 1565//2268 
f 1352//2269 1354//2269 1353//2269 
f 914//2270 911//2270 1352//2270 
f 1352//2271 911//2271 1354//2271 
f 911//2272 913//2272 1354//2272 
f 1565//2273 1355//2273 1356//2273 
f 1354//2274 1355//2274 1565//2274 
f 1356//2275 1357//2275 1358//2275 
f 1355//2276 1357//2276 1356//2276 
f 1358//2277 1359//2277 1360//2277 
f 1357//2278 1359//2278 1358//2278 
f 1360//2279 1361//2279 1362//2279 
f 1359//2280 1361//2280 1360//2280 
f 1362//2281 1363//2281 1364//2281 
f 1361//2282 1363//2282 1362//2282 
f 1364//2283 1365//2283 1366//2283 
f 1363//2284 1365//2284 1364//2284 
f 1366//2285 1367//2285 1368//2285 
f 1365//2286 1367//2286 1366//2286 
f 1368//2287 1369//2287 1370//2287 
f 1367//2288 1369//2288 1368//2288 
f 1370//2289 908//2289 1562//2289 
f 910//2290 908//2290 1369//2290 
f 1369//2291 908//2291 1370//2291 
f 1562//2292 907//2292 1371//2292 
f 908//2293 907//2293 1562//2293 
f 1371//2294 906//2294 1372//2294 
f 907//2295 906//2295 1371//2295 
f 906//2296 905//2296 1372//2296 
f 1372//2297 904//2297 1373//2297 
f 905//2298 904//2298 1372//2298 
f 1373//2299 903//2299 1558//2299 
f 904//2300 903//2300 1373//2300 
f 903//2301 901//2301 1558//2301 
f 1558//2302 901//2302 1559//2302 
f 901//2303 1374//2303 1559//2303 
f 1559//2304 1374//2304 1375//2304 
f 901//2305 902//2305 1374//2305 
f 1374//2306 1376//2306 1375//2306 
f 1375//2307 1376//2307 1556//2307 
f 1376//2308 1377//2308 1556//2308 
f 1556//2309 1377//2309 1378//2309 
f 1377//2310 1379//2310 1378//2310 
f 1378//2311 1379//2311 1380//2311 
f 1379//2312 1381//2312 1380//2312 
f 1380//2313 1381//2313 1382//2313 
f 1382//2314 1383//2314 1555//2314 
f 1381//2315 1383//2315 1382//2315 
f 1555//2316 1384//2316 1557//2316 
f 1383//2317 1384//2317 1555//2317 
f 1557//2318 1385//2318 1386//2318 
f 1384//2319 1385//2319 1557//2319 
f 1386//2320 1387//2320 1388//2320 
f 1385//2321 1387//2321 1386//2321 
f 897//2322 898//2322 1387//2322 
f 1388//2323 1389//2323 1390//2323 
f 1387//2324 1389//2324 1388//2324 
f 898//2325 899//2325 1387//2325 
f 1387//2326 899//2326 1389//2326 
f 899//2327 900//2327 1389//2327 
f 1390//2328 1391//2328 1560//2328 
f 1389//2329 1391//2329 1390//2329 
f 1560//2330 1392//2330 1561//2330 
f 1391//2331 1392//2331 1560//2331 
f 1392//2332 1393//2332 1561//2332 
f 1561//2333 1394//2333 1563//2333 
f 1393//2334 1394//2334 1561//2334 
f 1563//2335 1395//2335 1564//2335 
f 1394//2336 1395//2336 1563//2336 
f 1564//2337 1396//2337 1397//2337 
f 1395//2338 1396//2338 1564//2338 
f 698//2339 697//2339 1396//2339 
f 1397//2340 1398//2340 1399//2340 
f 1396//2341 1398//2341 1397//2341 
f 697//2342 699//2342 1396//2342 
f 1396//2343 699//2343 1398//2343 
f 699//2344 700//2344 1398//2344 
f 1399//2345 1400//2345 1401//2345 
f 1398//2346 1400//2346 1399//2346 
f 1401//2347 1402//2347 1403//2347 
f 1400//2348 1402//2348 1401//2348 
f 1403//2349 1404//2349 1405//2349 
f 1402//2350 1404//2350 1403//2350 
f 1405//2351 1406//2351 1407//2351 
f 1404//2352 1406//2352 1405//2352 
f 1407//2353 1408//2353 1409//2353 
f 1406//2354 1408//2354 1407//2354 
f 1408//2355 1410//2355 1409//2355 
f 1409//2356 1410//2356 1411//2356 
f 1410//2357 1412//2357 1411//2357 
f 1411//2358 1412//2358 1413//2358 
f 1412//2359 1414//2359 1413//2359 
f 1413//2360 1414//2360 1415//2360 
f 759//2361 762//2361 1414//2361 
f 1414//2362 762//2362 1415//2362 
f 1415//2363 762//2363 1416//2363 
f 762//2364 764//2364 1416//2364 
f 1416//2365 764//2365 1417//2365 
f 764//2366 765//2366 1417//2366 
f 1417//2367 765//2367 1321//2367 
f 765//2368 841//2368 1321//2368 
f 774//2369 771//2369 1340//2369 
f 774//2370 1340//2370 1418//2370 
f 796//2371 774//2371 1418//2371 
f 796//2372 1418//2372 1324//2372 
f 744//2373 759//2373 1414//2373 
f 744//2374 1414//2374 1419//2374 
f 700//2375 744//2375 1398//2375 
f 1398//2376 744//2376 1419//2376 
f 696//2377 698//2377 1420//2377 
f 1420//2378 698//2378 1396//2378 
f 896//2379 895//2379 1421//2379 
f 1421//2380 895//2380 1422//2380 
f 1422//2381 893//2381 1423//2381 
f 895//2382 893//2382 1422//2382 
f 1423//2383 891//2383 1424//2383 
f 893//2384 891//2384 1423//2384 
f 1424//2385 889//2385 1425//2385 
f 891//2386 889//2386 1424//2386 
f 1425//2387 887//2387 1426//2387 
f 889//2388 887//2388 1425//2388 
f 1426//2389 885//2389 1427//2389 
f 887//2390 885//2390 1426//2390 
f 1427//2391 886//2391 1428//2391 
f 885//2392 886//2392 1427//2392 
f 1428//2393 888//2393 1429//2393 
f 886//2394 888//2394 1428//2394 
f 1429//2395 890//2395 1430//2395 
f 888//2396 890//2396 1429//2396 
f 1430//2397 892//2397 1431//2397 
f 890//2398 892//2398 1430//2398 
f 1431//2399 894//2399 1432//2399 
f 892//2400 894//2400 1431//2400 
f 894//2401 933//2401 1432//2401 
f 1432//2402 933//2402 1433//2402 
f 933//2403 10//2403 1433//2403 
f 1433//2404 10//2404 1434//2404 
f 1434//2405 842//2405 1435//2405 
f 10//2406 842//2406 1434//2406 
f 1435//2407 725//2407 1436//2407 
f 842//2408 725//2408 1435//2408 
f 1436//2409 726//2409 1437//2409 
f 725//2410 726//2410 1436//2410 
f 1437//2411 713//2411 1438//2411 
f 726//2412 713//2412 1437//2412 
f 1438//2413 710//2413 1439//2413 
f 713//2414 710//2414 1438//2414 
f 1439//2415 706//2415 1440//2415 
f 710//2416 706//2416 1439//2416 
f 1440//2417 701//2417 1441//2417 
f 706//2418 701//2418 1440//2418 
f 1441//2419 703//2419 1442//2419 
f 701//2420 703//2420 1441//2420 
f 1442//2421 705//2421 1443//2421 
f 703//2422 705//2422 1442//2422 
f 1443//2423 709//2423 1444//2423 
f 705//2424 709//2424 1443//2424 
f 1444//2425 716//2425 1445//2425 
f 709//2426 716//2426 1444//2426 
f 1445//2427 719//2427 1446//2427 
f 716//2428 719//2428 1445//2428 
f 1446//2429 696//2429 1420//2429 
f 719//2430 696//2430 1446//2430 
f 859//2431 858//2431 1267//2431 
f 859//2432 1267//2432 1185//2432 
f 863//2433 861//2433 1183//2433 
f 863//2434 1183//2434 1447//2434 
f 864//2435 863//2435 1447//2435 
f 864//2436 1447//2436 1171//2436 
f 849//2437 856//2437 1260//2437 
f 849//2438 1260//2438 1448//2438 
f 847//2439 849//2439 1246//2439 
f 1246//2440 849//2440 1448//2440 
f 843//2441 845//2441 1165//2441 
f 1165//2442 845//2442 1244//2442 
f 877//2443 16//2443 1449//2443 
f 1449//2444 1450//2444 1451//2444 
f 16//2445 1450//2445 1449//2445 
f 1451//2446 1452//2446 1453//2446 
f 1450//2447 1452//2447 1451//2447 
f 1453//2448 1454//2448 1455//2448 
f 1452//2449 1454//2449 1453//2449 
f 1455//2450 1456//2450 1457//2450 
f 1454//2451 1456//2451 1455//2451 
f 1457//2452 1458//2452 1459//2452 
f 1456//2453 1458//2453 1457//2453 
f 1459//2454 1460//2454 1461//2454 
f 1458//2455 1460//2455 1459//2455 
f 1461//2456 1462//2456 1463//2456 
f 1460//2457 1462//2457 1461//2457 
f 1463//2458 1464//2458 1465//2458 
f 1462//2459 1464//2459 1463//2459 
f 1465//2460 1466//2460 1467//2460 
f 1464//2461 1466//2461 1465//2461 
f 1467//2462 1468//2462 1469//2462 
f 1466//2463 1468//2463 1467//2463 
f 1469//2464 1470//2464 1471//2464 
f 1468//2465 1470//2465 1469//2465 
f 1470//2466 1472//2466 1471//2466 
f 1471//2467 1472//2467 1473//2467 
f 1472//2468 1474//2468 1473//2468 
f 1473//2469 1474//2469 1475//2469 
f 1474//2470 1476//2470 1475//2470 
f 1475//2471 1476//2471 1477//2471 
f 1476//2472 1478//2472 1477//2472 
f 1477//2473 1478//2473 1479//2473 
f 1478//2474 1480//2474 1479//2474 
f 1479//2475 1480//2475 1481//2475 
f 1480//2476 1482//2476 1481//2476 
f 1481//2477 1482//2477 1483//2477 
f 1482//2478 1484//2478 1483//2478 
f 1483//2479 1484//2479 1485//2479 
f 1484//2480 1486//2480 1485//2480 
f 1485//2481 1486//2481 1487//2481 
f 1486//2482 1488//2482 1487//2482 
f 1487//2483 1488//2483 1489//2483 
f 1488//2484 1490//2484 1489//2484 
f 1490//2485 1491//2485 1489//2485 
f 1489//2486 1491//2486 1492//2486 
f 1492//2487 1491//2487 1493//2487 
f 1491//2488 1494//2488 1493//2488 
f 1477//2489 1479//2489 1481//2489 
f 1471//2490 1473//2490 1475//2490 
f 1471//2491 1475//2491 1477//2491 
f 1489//2492 1485//2492 1487//2492 
f 1492//2493 1481//2493 1483//2493 
f 1492//2494 1483//2494 1485//2494 
f 1492//2495 1477//2495 1481//2495 
f 1492//2496 1485//2496 1489//2496 
f 1465//2497 1467//2497 1469//2497 
f 1465//2498 1469//2498 1471//2498 
f 1465//2499 1471//2499 1477//2499 
f 1461//2500 1463//2500 1465//2500 
f 1457//2501 1459//2501 1461//2501 
f 1457//2502 1461//2502 1465//2502 
f 1453//2503 1455//2503 1457//2503 
f 877//2504 1449//2504 1451//2504 
f 877//2505 1451//2505 1453//2505 
f 877//2506 1492//2506 1493//2506 
f 877//2507 1477//2507 1492//2507 
f 877//2508 1465//2508 1477//2508 
f 877//2509 1453//2509 1457//2509 
f 877//2510 1457//2510 1465//2510 
f 1495//2511 1496//2511 1497//2511 
f 1498//2512 1496//2512 1495//2512 
f 1498//2513 1499//2513 1496//2513 
f 1500//2514 1499//2514 1498//2514 
f 1500//2515 1498//2515 1501//2515 
f 1502//2516 1499//2516 1500//2516 
f 1502//2517 1500//2517 1503//2517 
f 1504//2518 1499//2518 1502//2518 
f 1504//2519 1502//2519 1505//2519 
f 1504//2520 1505//2520 1506//2520 
f 1507//2521 1499//2521 1504//2521 
f 1507//2522 1504//2522 1508//2522 
f 1509//2523 1499//2523 1507//2523 
f 1510//2524 1509//2524 1511//2524 
f 883//2525 1493//2525 1499//2525 
f 883//2526 877//2526 1493//2526 
f 1512//2527 883//2527 1499//2527 
f 1513//2528 1510//2528 1514//2528 
f 1515//2529 1512//2529 1499//2529 
f 1515//2530 1499//2530 1509//2530 
f 1515//2531 1509//2531 1510//2531 
f 1515//2532 1510//2532 1513//2532 
f 1515//2533 1513//2533 1516//2533 
f 1515//2534 1517//2534 1512//2534 
f 1518//2535 1519//2535 1499//2535 
f 1499//2536 1519//2536 1496//2536 
f 1496//2537 1520//2537 1497//2537 
f 1519//2538 1520//2538 1496//2538 
f 1497//2539 1521//2539 1495//2539 
f 1520//2540 1521//2540 1497//2540 
f 1495//2541 1522//2541 1498//2541 
f 1521//2542 1522//2542 1495//2542 
f 1498//2543 1523//2543 1501//2543 
f 1522//2544 1523//2544 1498//2544 
f 1501//2545 1524//2545 1500//2545 
f 1523//2546 1524//2546 1501//2546 
f 1500//2547 1525//2547 1503//2547 
f 1524//2548 1525//2548 1500//2548 
f 1503//2549 1526//2549 1502//2549 
f 1525//2550 1526//2550 1503//2550 
f 1502//2551 1527//2551 1505//2551 
f 1526//2552 1527//2552 1502//2552 
f 1505//2553 1528//2553 1506//2553 
f 1527//2554 1528//2554 1505//2554 
f 1506//2555 1529//2555 1504//2555 
f 1528//2556 1529//2556 1506//2556 
f 1529//2557 1530//2557 1504//2557 
f 1504//2558 1530//2558 1508//2558 
f 1530//2559 1531//2559 1508//2559 
f 1508//2560 1531//2560 1507//2560 
f 1531//2561 1532//2561 1507//2561 
f 1507//2562 1532//2562 1509//2562 
f 1532//2563 1533//2563 1509//2563 
f 1509//2564 1533//2564 1511//2564 
f 1533//2565 1534//2565 1511//2565 
f 1511//2566 1534//2566 1510//2566 
f 1534//2567 1535//2567 1510//2567 
f 1510//2568 1535//2568 1514//2568 
f 1535//2569 1536//2569 1514//2569 
f 1514//2570 1536//2570 1513//2570 
f 1536//2571 1537//2571 1513//2571 
f 1513//2572 1537//2572 1516//2572 
f 1537//2573 1538//2573 1516//2573 
f 1516//2574 1538//2574 1515//2574 
f 1538//2575 1539//2575 1515//2575 
f 1515//2576 1539//2576 1517//2576 
f 1539//2577 1540//2577 1517//2577 
f 1517//2578 1540//2578 1512//2578 
f 1540//2579 20//2579 1512//2579 
f 1512//2580 20//2580 883//2580 
f 900//2581 896//2581 1421//2581 
f 900//2582 1421//2582 1389//2582 
f 884//2583 897//2583 1387//2583 
f 884//2584 1387//2584 1541//2584 
f 902//2585 884//2585 1374//2585 
f 1374//2586 884//2586 1541//2586 
f 909//2587 910//2587 1542//2587 
f 1542//2588 910//2588 1369//2588 
f 913//2589 909//2589 1354//2589 
f 1354//2590 909//2590 1542//2590 
f 912//2591 915//2591 1319//2591 
f 1319//2592 915//2592 1352//2592 
f 1476//2593 1474//2593 1478//2593 
f 1484//2594 1488//2594 1486//2594 
f 1478//2595 1472//2595 1480//2595 
f 1474//2596 1472//2596 1478//2596 
f 1480//2597 1491//2597 1482//2597 
f 1482//2598 1491//2598 1484//2598 
f 1488//2599 1491//2599 1490//2599 
f 1484//2600 1491//2600 1488//2600 
f 1470//2601 1468//2601 1472//2601 
f 1468//2602 1466//2602 1472//2602 
f 1464//2603 1462//2603 1466//2603 
f 1466//2604 1462//2604 1472//2604 
f 1460//2605 1458//2605 1462//2605 
f 1458//2606 1456//2606 1462//2606 
f 1452//2607 1450//2607 1454//2607 
f 1454//2608 1450//2608 1456//2608 
f 1456//2609 1450//2609 1462//2609 
f 1491//2610 16//2610 1494//2610 
f 1472//2611 16//2611 1480//2611 
f 1480//2612 16//2612 1491//2612 
f 1462//2613 16//2613 1472//2613 
f 1450//2614 16//2614 1462//2614 
f 1518//2615 1521//2615 1519//2615 
f 1519//2616 1521//2616 1520//2616 
f 1521//2617 1523//2617 1522//2617 
f 1523//2618 1525//2618 1524//2618 
f 1521//2619 1528//2619 1523//2619 
f 1523//2620 1528//2620 1525//2620 
f 1518//2621 1528//2621 1521//2621 
f 1525//2622 1528//2622 1526//2622 
f 1526//2623 1528//2623 1527//2623 
f 1528//2624 1530//2624 1529//2624 
f 1528//2625 1531//2625 1530//2625 
f 1528//2626 1533//2626 1531//2626 
f 1531//2627 1533//2627 1532//2627 
f 1494//2628 20//2628 1518//2628 
f 16//2629 20//2629 1494//2629 
f 1528//2630 1535//2630 1533//2630 
f 1533//2631 1535//2631 1534//2631 
f 20//2632 1540//2632 1518//2632 
f 1528//2633 1537//2633 1535//2633 
f 1535//2634 1537//2634 1536//2634 
f 1518//2635 1538//2635 1528//2635 
f 1540//2636 1538//2636 1518//2636 
f 1528//2637 1538//2637 1537//2637 
f 1539//2638 1538//2638 1540//2638 
f 964//2639 966//2639 965//2639 
f 964//2640 967//2640 966//2640 
f 970//2641 969//2641 968//2641 
f 961//2642 963//2642 962//2642 
f 961//2643 964//2643 963//2643 
f 974//2644 972//2644 971//2644 
f 974//2645 973//2645 972//2645 
f 975//2646 971//2646 970//2646 
f 975//2647 974//2647 971//2647 
f 957//2648 959//2648 958//2648 
f 957//2649 960//2649 959//2649 
f 957//2650 961//2650 960//2650 
f 957//2651 967//2651 964//2651 
f 957//2652 964//2652 961//2652 
f 977//2653 976//2653 975//2653 
f 979//2654 978//2654 977//2654 
f 979//2655 977//2655 975//2655 
f 953//2656 955//2656 954//2656 
f 953//2657 956//2657 955//2657 
f 981//2658 979//2658 975//2658 
f 981//2659 968//2659 967//2659 
f 981//2660 980//2660 979//2660 
f 981//2661 970//2661 968//2661 
f 981//2662 975//2662 970//2662 
f 952//2663 956//2663 953//2663 
f 952//2664 957//2664 956//2664 
f 983//2665 982//2665 981//2665 
f 950//2666 952//2666 951//2666 
f 985//2667 983//2667 981//2667 
f 985//2668 984//2668 983//2668 
f 947//2669 949//2669 948//2669 
f 947//2670 950//2670 949//2670 
f 947//2671 952//2671 950//2671 
f 936//2672 981//2672 967//2672 
f 936//2673 985//2673 981//2673 
f 936//2674 935//2674 985//2674 
f 936//2675 967//2675 957//2675 
f 945//2676 947//2676 946//2676 
f 938//2677 937//2677 936//2677 
f 939//2678 938//2678 936//2678 
f 943//2679 945//2679 944//2679 
f 943//2680 952//2680 947//2680 
f 943//2681 947//2681 945//2681 
f 941//2682 940//2682 939//2682 
f 941//2683 943//2683 942//2683 
f 941//2684 957//2684 952//2684 
f 941//2685 936//2685 957//2685 
f 941//2686 952//2686 943//2686 
f 941//2687 939//2687 936//2687 
f 1015//2688 1017//2688 1016//2688 
f 1015//2689 1018//2689 1017//2689 
f 1021//2690 1020//2690 1019//2690 
f 1012//2691 1014//2691 1013//2691 
f 1012//2692 1015//2692 1014//2692 
f 1025//2693 1023//2693 1022//2693 
f 1025//2694 1024//2694 1023//2694 
f 1026//2695 1022//2695 1021//2695 
f 1026//2696 1025//2696 1022//2696 
f 1008//2697 1010//2697 1009//2697 
f 1008//2698 1011//2698 1010//2698 
f 1008//2699 1012//2699 1011//2699 
f 1008//2700 1018//2700 1015//2700 
f 1008//2701 1015//2701 1012//2701 
f 1028//2702 1027//2702 1026//2702 
f 1029//2703 1028//2703 1026//2703 
f 1006//2704 1008//2704 1007//2704 
f 1005//2705 1008//2705 1006//2705 
f 1032//2706 1019//2706 1018//2706 
f 1032//2707 1030//2707 1029//2707 
f 1032//2708 1031//2708 1030//2708 
f 1032//2709 1021//2709 1019//2709 
f 1032//2710 1026//2710 1021//2710 
f 1032//2711 1029//2711 1026//2711 
f 1003//2712 1005//2712 1004//2712 
f 1003//2713 1008//2713 1005//2713 
f 1034//2714 1033//2714 1032//2714 
f 1001//2715 1003//2715 1002//2715 
f 1036//2716 1034//2716 1032//2716 
f 1036//2717 1035//2717 1034//2717 
f 998//2718 1000//2718 999//2718 
f 998//2719 1001//2719 1000//2719 
f 998//2720 1003//2720 1001//2720 
f 987//2721 1036//2721 1032//2721 
f 987//2722 986//2722 1036//2722 
f 987//2723 1032//2723 1018//2723 
f 987//2724 1018//2724 1008//2724 
f 989//2725 988//2725 987//2725 
f 990//2726 989//2726 987//2726 
f 994//2727 996//2727 995//2727 
f 994//2728 997//2728 996//2728 
f 994//2729 998//2729 997//2729 
f 994//2730 1003//2730 998//2730 
f 992//2731 991//2731 990//2731 
f 992//2732 994//2732 993//2732 
f 992//2733 1008//2733 1003//2733 
f 992//2734 990//2734 987//2734 
f 992//2735 987//2735 1008//2735 
f 992//2736 1003//2736 994//2736 
f 1066//2737 1068//2737 1067//2737 
f 1066//2738 1069//2738 1068//2738 
f 1072//2739 1071//2739 1070//2739 
f 1063//2740 1065//2740 1064//2740 
f 1063//2741 1066//2741 1065//2741 
f 1076//2742 1074//2742 1073//2742 
f 1076//2743 1075//2743 1074//2743 
f 1077//2744 1073//2744 1072//2744 
f 1077//2745 1076//2745 1073//2745 
f 1059//2746 1061//2746 1060//2746 
f 1059//2747 1062//2747 1061//2747 
f 1059//2748 1063//2748 1062//2748 
f 1059//2749 1069//2749 1066//2749 
f 1059//2750 1066//2750 1063//2750 
f 1079//2751 1078//2751 1077//2751 
f 1081//2752 1080//2752 1079//2752 
f 1081//2753 1079//2753 1077//2753 
f 1055//2754 1057//2754 1056//2754 
f 1055//2755 1058//2755 1057//2755 
f 1083//2756 1081//2756 1077//2756 
f 1083//2757 1070//2757 1069//2757 
f 1083//2758 1082//2758 1081//2758 
f 1083//2759 1072//2759 1070//2759 
f 1083//2760 1077//2760 1072//2760 
f 1054//2761 1058//2761 1055//2761 
f 1054//2762 1059//2762 1058//2762 
f 1085//2763 1084//2763 1083//2763 
f 1052//2764 1054//2764 1053//2764 
f 1087//2765 1085//2765 1083//2765 
f 1087//2766 1086//2766 1085//2766 
f 1049//2767 1051//2767 1050//2767 
f 1049//2768 1052//2768 1051//2768 
f 1049//2769 1054//2769 1052//2769 
f 1038//2770 1083//2770 1069//2770 
f 1038//2771 1087//2771 1083//2771 
f 1038//2772 1037//2772 1087//2772 
f 1038//2773 1069//2773 1059//2773 
f 1047//2774 1049//2774 1048//2774 
f 1040//2775 1039//2775 1038//2775 
f 1041//2776 1040//2776 1038//2776 
f 1045//2777 1047//2777 1046//2777 
f 1045//2778 1054//2778 1049//2778 
f 1045//2779 1049//2779 1047//2779 
f 1043//2780 1042//2780 1041//2780 
f 1043//2781 1045//2781 1044//2781 
f 1043//2782 1059//2782 1054//2782 
f 1043//2783 1038//2783 1059//2783 
f 1043//2784 1054//2784 1045//2784 
f 1043//2785 1041//2785 1038//2785 
f 1117//2786 1119//2786 1118//2786 
f 1117//2787 1120//2787 1119//2787 
f 1123//2788 1122//2788 1121//2788 
f 1114//2789 1116//2789 1115//2789 
f 1114//2790 1117//2790 1116//2790 
f 1127//2791 1125//2791 1124//2791 
f 1127//2792 1126//2792 1125//2792 
f 1128//2793 1124//2793 1123//2793 
f 1128//2794 1127//2794 1124//2794 
f 1110//2795 1112//2795 1111//2795 
f 1110//2796 1113//2796 1112//2796 
f 1110//2797 1114//2797 1113//2797 
f 1110//2798 1120//2798 1117//2798 
f 1110//2799 1117//2799 1114//2799 
f 1130//2800 1129//2800 1128//2800 
f 1131//2801 1130//2801 1128//2801 
f 1108//2802 1110//2802 1109//2802 
f 1107//2803 1110//2803 1108//2803 
f 1134//2804 1121//2804 1120//2804 
f 1134//2805 1132//2805 1131//2805 
f 1134//2806 1133//2806 1132//2806 
f 1134//2807 1123//2807 1121//2807 
f 1134//2808 1128//2808 1123//2808 
f 1134//2809 1131//2809 1128//2809 
f 1105//2810 1107//2810 1106//2810 
f 1105//2811 1110//2811 1107//2811 
f 1136//2812 1135//2812 1134//2812 
f 1103//2813 1105//2813 1104//2813 
f 1138//2814 1136//2814 1134//2814 
f 1138//2815 1137//2815 1136//2815 
f 1100//2816 1102//2816 1101//2816 
f 1100//2817 1103//2817 1102//2817 
f 1100//2818 1105//2818 1103//2818 
f 1089//2819 1138//2819 1134//2819 
f 1089//2820 1088//2820 1138//2820 
f 1089//2821 1134//2821 1120//2821 
f 1089//2822 1120//2822 1110//2822 
f 1091//2823 1090//2823 1089//2823 
f 1092//2824 1091//2824 1089//2824 
f 1096//2825 1098//2825 1097//2825 
f 1096//2826 1099//2826 1098//2826 
f 1096//2827 1100//2827 1099//2827 
f 1096//2828 1105//2828 1100//2828 
f 1094//2829 1093//2829 1092//2829 
f 1094//2830 1096//2830 1095//2830 
f 1094//2831 1110//2831 1105//2831 
f 1094//2832 1092//2832 1089//2832 
f 1094//2833 1089//2833 1110//2833 
f 1094//2834 1105//2834 1096//2834 
f 1139//2835 1237//2835 1166//2835 
f 1139//2836 1238//2836 1237//2836 
f 1140//2837 1240//2837 1139//2837 
f 1141//2838 1240//2838 1140//2838 
f 1142//2839 1240//2839 1141//2839 
f 1143//2840 1240//2840 1142//2840 
f 1144//2841 1240//2841 1143//2841 
f 1145//2842 1240//2842 1144//2842 
f 1146//2843 1240//2843 1145//2843 
f 1147//2844 1240//2844 1146//2844 
f 1148//2845 1240//2845 1147//2845 
f 1149//2846 1240//2846 1148//2846 
f 1150//2847 1240//2847 1149//2847 
f 1151//2848 1240//2848 1150//2848 
f 1152//2849 1240//2849 1151//2849 
f 1153//2850 1240//2850 1152//2850 
f 1154//2851 1240//2851 1153//2851 
f 1155//2852 1240//2852 1154//2852 
f 1156//2853 1240//2853 1155//2853 
f 1157//2854 1240//2854 1156//2854 
f 1158//2855 1240//2855 1157//2855 
f 1159//2856 1240//2856 1158//2856 
f 1160//2857 1240//2857 1159//2857 
f 1161//2858 1240//2858 1160//2858 
f 1162//2859 1240//2859 1161//2859 
f 1163//2860 1240//2860 1162//2860 
f 1164//2861 1240//2861 1163//2861 
f 1165//2862 1240//2862 1164//2862 
f 1139//2863 1240//2863 1238//2863 
f 1165//2864 1241//2864 1240//2864 
f 1165//2865 1243//2865 1241//2865 
f 1165//2866 1244//2866 1243//2866 
f 1225//2867 1543//2867 1223//2867 
f 1227//2868 1231//2868 1225//2868 
f 1229//2869 1231//2869 1227//2869 
f 1233//2870 1235//2870 1231//2870 
f 1217//2871 1215//2871 1216//2871 
f 1218//2872 1215//2872 1217//2872 
f 1220//2873 1215//2873 1218//2873 
f 1543//2874 1215//2874 1220//2874 
f 1225//2875 1215//2875 1543//2875 
f 1544//2876 1239//2876 1236//2876 
f 1236//2877 1242//2877 1235//2877 
f 1239//2878 1242//2878 1236//2878 
f 1215//2879 1545//2879 1214//2879 
f 1225//2880 1213//2880 1215//2880 
f 1215//2881 1213//2881 1545//2881 
f 1245//2882 1247//2882 1546//2882 
f 1247//2883 1547//2883 1546//2883 
f 1213//2884 1209//2884 1211//2884 
f 1547//2885 1252//2885 1546//2885 
f 1546//2886 1252//2886 1242//2886 
f 1250//2887 1252//2887 1547//2887 
f 1235//2888 1252//2888 1231//2888 
f 1242//2889 1252//2889 1235//2889 
f 1209//2890 1205//2890 1207//2890 
f 1548//2891 1255//2891 1252//2891 
f 1213//2892 1549//2892 1209//2892 
f 1209//2893 1549//2893 1205//2893 
f 1205//2894 1549//2894 1203//2894 
f 1257//2895 1259//2895 1255//2895 
f 1549//2896 1550//2896 1200//2896 
f 1213//2897 1550//2897 1549//2897 
f 1255//2898 1261//2898 1252//2898 
f 1259//2899 1261//2899 1255//2899 
f 1263//2900 1167//2900 1262//2900 
f 1252//2901 1168//2901 1231//2901 
f 1261//2902 1168//2902 1252//2902 
f 1167//2903 1168//2903 1262//2903 
f 1262//2904 1168//2904 1261//2904 
f 1231//2905 1168//2905 1225//2905 
f 1193//2906 1188//2906 1190//2906 
f 1195//2907 1188//2907 1193//2907 
f 1197//2908 1188//2908 1195//2908 
f 1550//2909 1188//2909 1197//2909 
f 1213//2910 1188//2910 1550//2910 
f 1225//2911 1188//2911 1213//2911 
f 1188//2912 1184//2912 1186//2912 
f 1188//2913 1551//2913 1184//2913 
f 1188//2914 1552//2914 1551//2914 
f 1170//2915 1174//2915 1169//2915 
f 1172//2916 1174//2916 1170//2916 
f 1188//2917 1553//2917 1552//2917 
f 1169//2918 1179//2918 1168//2918 
f 1225//2919 1179//2919 1188//2919 
f 1168//2920 1179//2920 1225//2920 
f 1188//2921 1179//2921 1553//2921 
f 1554//2922 1177//2922 1174//2922 
f 1174//2923 1177//2923 1169//2923 
f 1169//2924 1177//2924 1179//2924 
f 1182//2925 1447//2925 1183//2925 
f 1181//2926 1447//2926 1182//2926 
f 1180//2927 1447//2927 1181//2927 
f 1178//2928 1447//2928 1180//2928 
f 1176//2929 1447//2929 1178//2929 
f 1175//2930 1447//2930 1176//2930 
f 1173//2931 1447//2931 1175//2931 
f 1171//2932 1447//2932 1173//2932 
f 1194//2933 1266//2933 1196//2933 
f 1192//2934 1266//2934 1194//2934 
f 1192//2935 1191//2935 1266//2935 
f 1291//2936 1289//2936 1290//2936 
f 1292//2937 1289//2937 1291//2937 
f 1266//2938 1289//2938 1292//2938 
f 1287//2939 1285//2939 1286//2939 
f 1287//2940 1284//2940 1285//2940 
f 1288//2941 1283//2941 1287//2941 
f 1289//2942 1283//2942 1288//2942 
f 1287//2943 1283//2943 1284//2943 
f 1283//2944 1281//2944 1282//2944 
f 1289//2945 1281//2945 1283//2945 
f 1266//2946 1280//2946 1289//2946 
f 1289//2947 1280//2947 1281//2947 
f 1189//2948 1267//2948 1191//2948 
f 1187//2949 1267//2949 1189//2949 
f 1185//2950 1267//2950 1187//2950 
f 1191//2951 1267//2951 1266//2951 
f 1268//2952 1269//2952 1267//2952 
f 1267//2953 1269//2953 1266//2953 
f 1279//2954 1277//2954 1278//2954 
f 1270//2955 1271//2955 1269//2955 
f 1277//2956 1275//2956 1276//2956 
f 1280//2957 1275//2957 1279//2957 
f 1279//2958 1275//2958 1277//2958 
f 1280//2959 1274//2959 1275//2959 
f 1280//2960 1273//2960 1274//2960 
f 1272//2961 1273//2961 1271//2961 
f 1266//2962 1273//2962 1280//2962 
f 1269//2963 1273//2963 1266//2963 
f 1271//2964 1273//2964 1269//2964 
f 1210//2965 1265//2965 1212//2965 
f 1208//2966 1265//2966 1210//2966 
f 1206//2967 1265//2967 1208//2967 
f 1204//2968 1265//2968 1206//2968 
f 1204//2969 1202//2969 1265//2969 
f 1202//2970 1201//2970 1265//2970 
f 1201//2971 1199//2971 1265//2971 
f 1199//2972 1198//2972 1265//2972 
f 1226//2973 1224//2973 1264//2973 
f 1264//2974 1228//2974 1226//2974 
f 1224//2975 1222//2975 1264//2975 
f 1264//2976 1230//2976 1228//2976 
f 1222//2977 1221//2977 1264//2977 
f 1264//2978 1232//2978 1230//2978 
f 1221//2979 1219//2979 1264//2979 
f 1264//2980 1234//2980 1232//2980 
f 1251//2981 1448//2981 1253//2981 
f 1249//2982 1448//2982 1251//2982 
f 1248//2983 1448//2983 1249//2983 
f 1246//2984 1448//2984 1248//2984 
f 1448//2985 1254//2985 1253//2985 
f 1448//2986 1256//2986 1254//2986 
f 1448//2987 1258//2987 1256//2987 
f 1448//2988 1260//2988 1258//2988 
f 1350//2989 1319//2989 1352//2989 
f 1348//2990 1319//2990 1350//2990 
f 1347//2991 1319//2991 1348//2991 
f 1317//2992 1315//2992 1316//2992 
f 1318//2993 1315//2993 1317//2993 
f 1315//2994 1313//2994 1314//2994 
f 1318//2995 1312//2995 1315//2995 
f 1315//2996 1312//2996 1313//2996 
f 1311//2997 1309//2997 1310//2997 
f 1311//2998 1308//2998 1309//2998 
f 1319//2999 1293//2999 1318//2999 
f 1345//3000 1293//3000 1347//3000 
f 1343//3001 1293//3001 1345//3001 
f 1320//3002 1293//3002 1343//3002 
f 1347//3003 1293//3003 1319//3003 
f 1308//3004 1306//3004 1307//3004 
f 1312//3005 1306//3005 1311//3005 
f 1318//3006 1306//3006 1312//3006 
f 1293//3007 1306//3007 1318//3007 
f 1311//3008 1306//3008 1308//3008 
f 1306//3009 1304//3009 1305//3009 
f 1295//3010 1296//3010 1294//3010 
f 1294//3011 1297//3011 1293//3011 
f 1293//3012 1297//3012 1306//3012 
f 1306//3013 1297//3013 1304//3013 
f 1296//3014 1297//3014 1294//3014 
f 1303//3015 1301//3015 1302//3015 
f 1304//3016 1301//3016 1303//3016 
f 1304//3017 1300//3017 1301//3017 
f 1298//3018 1300//3018 1297//3018 
f 1299//3019 1300//3019 1298//3019 
f 1297//3020 1300//3020 1304//3020 
f 1382//3021 1555//3021 1380//3021 
f 1378//3022 1375//3022 1556//3022 
f 1380//3023 1375//3023 1378//3023 
f 1555//3024 1375//3024 1380//3024 
f 1386//3025 1388//3025 1557//3025 
f 1375//3026 1558//3026 1559//3026 
f 1557//3027 1390//3027 1555//3027 
f 1555//3028 1390//3028 1375//3028 
f 1388//3029 1390//3029 1557//3029 
f 1560//3030 1561//3030 1390//3030 
f 1373//3031 1371//3031 1372//3031 
f 1558//3032 1371//3032 1373//3032 
f 1375//3033 1371//3033 1558//3033 
f 1562//3034 1368//3034 1370//3034 
f 1371//3035 1368//3035 1562//3035 
f 1563//3036 1401//3036 1561//3036 
f 1564//3037 1401//3037 1563//3037 
f 1397//3038 1401//3038 1564//3038 
f 1399//3039 1401//3039 1397//3039 
f 1401//3040 1403//3040 1561//3040 
f 1403//3041 1405//3041 1561//3041 
f 1390//3042 1405//3042 1375//3042 
f 1561//3043 1405//3043 1390//3043 
f 1366//3044 1362//3044 1364//3044 
f 1366//3045 1360//3045 1362//3045 
f 1368//3046 1360//3046 1366//3046 
f 1407//3047 1411//3047 1405//3047 
f 1409//3048 1411//3048 1407//3048 
f 1360//3049 1356//3049 1358//3049 
f 1368//3050 1356//3050 1360//3050 
f 1371//3051 1565//3051 1368//3051 
f 1368//3052 1565//3052 1356//3052 
f 1371//3053 1353//3053 1565//3053 
f 1416//3054 1417//3054 1415//3054 
f 1417//3055 1322//3055 1415//3055 
f 1321//3056 1322//3056 1417//3056 
f 1349//3057 1344//3057 1346//3057 
f 1351//3058 1344//3058 1349//3058 
f 1353//3059 1344//3059 1351//3059 
f 1405//3060 1344//3060 1375//3060 
f 1411//3061 1344//3061 1405//3061 
f 1371//3062 1344//3062 1353//3062 
f 1413//3063 1344//3063 1411//3063 
f 1375//3064 1344//3064 1371//3064 
f 1323//3065 1566//3065 1322//3065 
f 1322//3066 1566//3066 1415//3066 
f 1342//3067 1339//3067 1341//3067 
f 1344//3068 1337//3068 1342//3068 
f 1342//3069 1337//3069 1339//3069 
f 1325//3070 1327//3070 1566//3070 
f 1415//3071 1327//3071 1413//3071 
f 1566//3072 1327//3072 1415//3072 
f 1329//3073 1331//3073 1327//3073 
f 1337//3074 1333//3074 1335//3074 
f 1331//3075 1333//3075 1327//3075 
f 1413//3076 1333//3076 1344//3076 
f 1344//3077 1333//3077 1337//3077 
f 1327//3078 1333//3078 1413//3078 
f 1338//3079 1418//3079 1340//3079 
f 1336//3080 1418//3080 1338//3080 
f 1334//3081 1418//3081 1336//3081 
f 1332//3082 1418//3082 1334//3082 
f 1330//3083 1418//3083 1332//3083 
f 1328//3084 1418//3084 1330//3084 
f 1326//3085 1418//3085 1328//3085 
f 1324//3086 1418//3086 1326//3086 
f 1367//3087 1542//3087 1369//3087 
f 1365//3088 1542//3088 1367//3088 
f 1363//3089 1542//3089 1365//3089 
f 1363//3090 1361//3090 1542//3090 
f 1361//3091 1359//3091 1542//3091 
f 1359//3092 1357//3092 1542//3092 
f 1357//3093 1355//3093 1542//3093 
f 1355//3094 1354//3094 1542//3094 
f 1541//3095 1383//3095 1381//3095 
f 1381//3096 1379//3096 1541//3096 
f 1541//3097 1384//3097 1383//3097 
f 1379//3098 1377//3098 1541//3098 
f 1377//3099 1376//3099 1541//3099 
f 1541//3100 1385//3100 1384//3100 
f 1376//3101 1374//3101 1541//3101 
f 1541//3102 1387//3102 1385//3102 
f 1421//3103 1391//3103 1389//3103 
f 1421//3104 1392//3104 1391//3104 
f 1422//3105 1393//3105 1421//3105 
f 1423//3106 1393//3106 1422//3106 
f 1424//3107 1393//3107 1423//3107 
f 1425//3108 1393//3108 1424//3108 
f 1426//3109 1393//3109 1425//3109 
f 1427//3110 1393//3110 1426//3110 
f 1428//3111 1393//3111 1427//3111 
f 1429//3112 1393//3112 1428//3112 
f 1430//3113 1393//3113 1429//3113 
f 1431//3114 1393//3114 1430//3114 
f 1432//3115 1393//3115 1431//3115 
f 1433//3116 1393//3116 1432//3116 
f 1434//3117 1393//3117 1433//3117 
f 1435//3118 1393//3118 1434//3118 
f 1436//3119 1393//3119 1435//3119 
f 1437//3120 1393//3120 1436//3120 
f 1438//3121 1393//3121 1437//3121 
f 1439//3122 1393//3122 1438//3122 
f 1440//3123 1393//3123 1439//3123 
f 1441//3124 1393//3124 1440//3124 
f 1442//3125 1393//3125 1441//3125 
f 1443//3126 1393//3126 1442//3126 
f 1444//3127 1393//3127 1443//3127 
f 1445//3128 1393//3128 1444//3128 
f 1446//3129 1393//3129 1445//3129 
f 1421//3130 1393//3130 1392//3130 
f 1446//3131 1420//3131 1393//3131 
f 1420//3132 1394//3132 1393//3132 
f 1420//3133 1395//3133 1394//3133 
f 1420//3134 1396//3134 1395//3134 
f 1404//3135 1419//3135 1406//3135 
f 1402//3136 1419//3136 1404//3136 
f 1400//3137 1419//3137 1402//3137 
f 1398//3138 1419//3138 1400//3138 
f 1419//3139 1408//3139 1406//3139 
f 1419//3140 1410//3140 1408//3140 
f 1419//3141 1412//3141 1410//3141 
f 1419//3142 1414//3142 1412//3142 
f 1493//3143 1494//3143 1499//3143 
f 1494//3144 1518//3144 1499//3144 
